INSERT INTO `tbl_cargos` (`ID_CARGO`, `NOMBRE_CARGO`) VALUES
(1, 'DIRECTOR EJECUTIVO'),
(2, 'DIRECTOR DE OPERACIONES'),
(3, 'DIRECTOR COMERCIAL - CSO'),
(4, 'DIRECTOR DE MARKETING'),
(5, 'DIRECTOR DE RECURSOS HUMANOS'),
(6, 'CUSTOMER SUCCESS (CS)'),
(7, 'DIRECTOR FINANCIERO'),
(8, 'TECNICO DE MANTENIMIENTO'),
(9, 'PRACTICANTE INGENIERO DE SOFTWARE');

INSERT INTO `tbl_paises` (`ID_PAIS`, `PAIS`) VALUES
(52, 'MÉXICO '),
(501, 'BELICE'),
(502, 'GUATEMALA'),
(503, 'EL SALVADOR '),
(504, 'HONDURAS'),
(505, 'NICARAGUA'),
(506, 'COSTA RICA'),
(1345, 'GRAN CAIMÁN');

INSERT INTO `tbl_ciudades` (`ID_CIUDAD`, `ID_PAIS`, `NOMBRE_CIUDAD`) VALUES
(1, 504, 'TEGUCIGALPA'),
(2, 504, 'SAN PEDRO SULA'),
(3, 504, 'TRUJILLO'),
(4, 504, 'LA CEIBA'),
(5, 504, 'ROATAN '),
(6, 504, 'COMAYAGUA'),
(7, 504, 'CIUDAD DESCONOCIDA HONDURAS'),
(8, 503, 'SAN SALVADOR'),
(9, 503, 'SAN LUIS TALPA'),
(10, 503, 'CHINAMECA'),
(11, 502, 'CIUDAD DE GUATEMALA'),
(12, 502, 'VILLA CANALES'),
(13, 502, 'JUTIAPA'),
(14, 502, 'FLORES'),
(15, 501, 'BELICE'),
(16, 501, 'CAYO'),
(17, 505, 'MANAGUA'),
(18, 505, 'PUERTO CABEZAS'),
(19, 505, 'BLUE FIELD'),
(20, 505, 'TOLA'),
(21, 505, 'CHINANDEGA'),
(22, 506, 'GUANACASTE'),
(23, 506, 'TARRAZU '),
(24, 506, 'LIBERIA '),
(25, 506, 'ALAJUELA'),
(26, 506, 'SAN JOSE '),
(27, 1345, 'GEORGE TOWN'),
(28, 52, 'MERIDA'),
(29, 52, 'CIUDAD DESCONOCIDA MEXICO');

INSERT INTO `tbl_sitios` (`ID_SITIO`, `ID_CIUDAD`, `NOMBRE_SITIO`, `TRILITERAL`) VALUES
(1, 1, 'SEDE', 'CEN'),   
(2, 2, 'LA MESA', 'LLL'),  
(3, 5, 'ROATAN', 'RRR'),   
(4, 8, 'ILOPANGO', 'ILO'),
(5, 8, 'PACAYAL', 'PCY'),
(6, 9, 'COMALAPA', 'SAL'),   
(7, 11, 'AURORA', 'AUR'),    
(8, 14, 'TIKAL', 'TKL'),     
(9, 15, 'BELICE', 'BZE'),     
(10, 17, 'MANAGUA', 'MNG'),  
(11, 22, 'EL COCO', 'OCO'),   
(12, 26, 'CERRO BUENA VISTA', 'CBV'), 
(13, 28, 'MERIDA', 'MID'),      
(14, 29, 'VOLCÁN POAS', 'POA');  

INSERT INTO `tbl_localidades` (`ID_LOCALIDAD`, `ID_PAIS`, `ID_SITIO`, `NOMBRE_LOCALIDAD`, `TRILITERAL`) VALUES
(1, 504, 1, 'CERRO MONTE CRUDO', 'CMC'),
(2, 504, 1, 'SEDE_CYN', 'C Y N'),
(3, 504, 1, 'EL HORNO', 'EHR'),
(4, 504, 1, 'DIXON HILL', 'DIX'),
(5, 504, 1, 'TONCONTIN', 'NNN'),
(6, 504, 1, 'TNT TORRE', 'TNT TORRE'),
(7, 504, 1, 'AGENCIA HONDUREÑA AERONÁUTICA', 'AHA'),
(8, 504, 1, 'SAUCE VOR/DME', 'SAUCE VOR/DME'),
(9, 504, 1, 'ROA AEROPUERTO', 'ROA AEROPUERTO'),
(10, 504, 1, 'ROA TORRE', 'ROA TORRE'),
(11, 504, 1, 'ROA VOR/DME', 'ROA VOR/DME'),
(12, 504, 1, 'TNT AEROPUERTO', 'TNT AEROPUERTO'),
(13, 504, 1, 'COFAH', 'COFAH'),
(14, 504, 1, 'SOTO', 'SOTO'),
(15, 504, 1, 'CERRO DE HULA', 'CDH'),
(16, 504, 1, 'PEDREGAL HF', 'PED'),
(17, 505, 1, 'CERRO LAS CASITAS', 'LCA'),
(18, 504, 2, 'LAS CRUCES', 'LCR'),
(19, 504, 2, 'CALENTURA', 'CAL'),
(20, 504, 2, 'LA CEIBA', 'CCC'),
(21, 504, 2, 'LCE AEROPUERTO', 'LCE AEROPUERTO'),
(22, 504, 2, 'LCE TORRE', 'LCE TORRE'),
(23, 504, 2, 'LMS LOCALIZADORES PISTA', 'LMS LOCALIZADORES PISTA'),
(24, 504, 2, 'LMS TORRE', 'LMS TORRE'),
(25, 504, 2, 'LMS CENTRO DE CONTROL', 'LMS CENTRO DE CONTROL'),
(26, 504, 2, 'LMS AEROPUERTO', 'LMS AEROPUERTO'),
(27, 504, 2, 'LMS VOR/DME PISTA', 'LMS VOR/DME PISTA'),
(28, 504, 2, 'LMS GLIDE/SLOPE PISTA', 'LMS GLIDE/SLOPE PISTA'),
(29, 504, 2, 'LCE VOR/DME PISTA', 'LCE VOR/DME PISTA'),
(30, 504, 2, 'LCE NBD/DME', 'LCE NBD/DME'),
(31, 503, 4, 'PACAYAL', 'PCY'),
(32, 503, 4, 'BOQUERON', 'BOQ'),
(33, 502, 7, 'SANTA ELENA DE BARILLA', 'SEL'),
(34, 502, 7, 'CERRO SANTIAGO', 'CSA'),
(35, 502, 7, 'NIKTUN', 'NIK'),
(36, 501, 9, 'BALDY BEACON', 'BYB'),
(37, 505, 10, 'LAS NUBES', 'LNB'),
(38, 505, 10, 'PUERTO CABEZAS', 'PZA'),
(39, 505, 10, 'BLUE FIELD', 'BLU'),
(40, 505, 10, 'CORN ISLAND', 'CRN'),
(41, 505, 10, 'CERRO LA CUESTA', 'CLC'),
(42, 506, 11, 'CERRO BRUJO', 'BRU'),
(43, 506, 11, 'MATA DE CAÑA', 'MAT'),
(44, 506, 11, 'LIBERIA', 'LIB');

INSERT INTO `tbl_unidades` (`ID_UNIDAD`, `ID_PAIS`,`ID_SITIO`, `NOMBRE_UNIDAD`) VALUES
(1,504,1, 'AUTOMATIZACIÓN'),
(2,504,1, 'ENERGÍA Y EQUIPOS AUXILIARES'),
(3,504,1, 'MACC'),
(4,504,2, 'COMUNICACIÓN Y RADIO AYUDA'),
(5,504,2, 'VIGILANCIA Y RADAR');

INSERT INTO `tbl_empleados` (`ID_EMPLEADO`, `ID_UNIDAD`, `ID_CARGO`, `NOMBRE`, `CORREO`, `USUARIO`, `CONTRASENA`, `ACCESO`) VALUES
(1, 1, 8, 'Louie Liam Leannon Moen', 'louieliam@gmail.com', 'luilieliam1', 'asd.123', 1),
(2, 1, 8, 'Darrin Hank Becker Welch', 'darrinhank@hotmail.com', 'darrinhank2', 'asd.123', 1),
(3, 5, 8, 'Brett Jaeden Rempel Hermiston', 'brettjaedenr@gmail.com', 'brettjaeden3', 'asd.123', 1),
(4, 5, 8, 'Christ Gilbert Kunde Hoppe', 'christgilbertk@hotmail.com', 'christgilbert4', 'asd.123', 1),
(5, 5, 8, 'Russ Moises Osinski Rippin', 'russmoises@hotmail.com', 'russmoises5', 'asd.123', 1);

INSERT INTO `tbl_sistemas` (`ID_SISTEMA`, `ID_UNIDAD`, `NOMBRE_SISTEMA`) VALUES
(1, 2, 'PLANTA PBX TELEFÓNICA'),
(2, 2, 'VSAT'),
(3, 2, 'VOR/DME'),
(4, 3, 'UPS APC SYNMETRA'),
(5, 3, 'UPS'),
(6, 2, 'TX HF'),
(7, 3, 'TRANSFORMADOR DE ENTRADA ENEE'),
(8, 3, 'TRANSFER'),
(9, 3, 'TANQUE DE COMBUSTIBLE'),
(10, 3, 'SISTEMA DE TIERRA Y PROTECCIÓN'),
(11, 3, 'SISTEMA CONTRA INCENDIOS ARIES'),
(12, 4, 'RADARES'),
(13, 1, 'AIRCON'),
(14, 1, 'AIRCON SIMULADOR');

INSERT INTO `tbl_sitios_has_tbl_sistemas` (`ID_SITIO`, `ID_SISTEMA`) VALUES
(1, 1),
(1, 2),
(2, 3),
(3, 2);

INSERT INTO `tbl_formatos` (`ID_FORMATO`, `ID_SISTEMA`, `NOMBRE_FORMATO`) VALUES
(1, 13, 'DIARIO 1-1'),
(2, 13, 'DIARIO 1-2'),
(3, 13, 'DIARIO 1-3'),
(4, 13, 'DIARIO 1-4'),
(5, 13, 'DIARIO 1-5'),
(6, 13, 'DIARIO 1-6'),
(7, 13, 'SEMANAL 1'),
(8, 13, 'SEMANAL 3'),
(9, 13, 'SEMANAL 3-1'),
(10, 13, 'SEMANAL 3-2'),
(11, 13, 'MENSUAL 1-1'),
(12, 13, 'MENSUAL 1-2'),
(13, 13, 'MENSUAL 1-3'),
(14, 13, 'MENSUAL 1-4'),
(15, 13, 'MENSUAL 4'),
(16, 13, 'MENSUAL 5-1'),
(17, 13, 'MENSUAL 6'),
(18, 13, 'MENSUAL 7-1'),
(19, 13, 'MENSUAL 7-2'),
(20, 13, 'TRIMESTRAL 5-2'),
(21, 13, 'TRIMESTRAL 8');

INSERT INTO `tbl_subsistemas` (`ID_SUBSISTEMA`, `ID_SISTEMA`, `NOMBRE_SUBSISTEMA`) VALUES
(1, 13, 'SDD'),
(2, 13, 'PDP'),
(3, 13, 'SDP'),
(4, 13, 'RDCU'),
(5, 13, 'DLS'),
(6, 13, 'DBM'),
(7, 13, 'FDD'),
(8, 13, 'DRF'),
(9, 13, 'SNET'),
(10, 13, 'FDP'),
(11, 13, 'CMD'),
(12, 13, 'NTP');

INSERT INTO `tbl_equipos` (`ID_EQUIPO`, `ID_FORMATO`, `ID_SITIO`, `ID_SUBSISTEMA`, `NOMBRE_EQUIPO`, `UBICACION_FISICA`) VALUES
(1, 1, 1, 1, 'SDD1', 'UCS1'),
(2, 1, 1, 1, 'SDD2', 'UCS1'),
(3, 1, 1, 1, 'SDD3', 'UCS2'),
(4, 1, 1, 1, 'SDD4', 'UCS2'),
(5, 1, 1, 1, 'SDD5', 'UCS3'),
(6, 1, 1, 1, 'SDD6', 'UCS3'),
(7, 1, 1, 1, 'SDD7', 'UCS4'),
(8, 1, 1, 1, 'SDD8', 'UCS4'),
(9, 1, 1, 1, 'SDD9', 'UCS5'),
(10, 1, 1, 1, 'SDD10', 'UCS5'),
(11, 2, 1, 1, 'SDD11', 'SPO'),
(12, 2, 1, 1, 'SDD12', 'SPT'),
(13, 2, 1, 1, 'SDD13', 'CEN.RAD'),
(14, 2, 1, 1, 'SDD14', 'AFTM'),
(15, 2, 1, 1, 'SDD15', 'SAR'),
(16, 3, 1, 7, 'FDD 1', 'PRESENTACION PLAN DE VUELO'),
(17, 3, 1, 7, 'FDD 2 ', 'PRESENTACION PLAN DE VUELO'),
(18, 4, 1, 10, 'FDP 1', 'PROCESAMIENTO PLANES DE VUELO'),
(19, 4, 1, 10, 'FDP 2', 'PROCESAMIENTO PLANES DE VUELO'),
(20, 4, 1, 10, 'AFTN', 'PROCESAMIENTO PLANES DE VUELO'),
(22, 4, 1, 10, 'SERVIDOR OPERATIVO', 'PROCESAMIENTO DE PLANES DE VUELO'),
(23, 4, 1, 3, 'SDP 1', 'PROCESAMIENTO DATOS RADAR'),
(24, 4, 1, 3, 'SDP 2', 'PROCESAMIENTO DATOS RADAR'),
(25, 4, 1, 3, 'SERVIDOR OPERATIVO', 'PROCESAMIENTO DATOS RADAR'),
(26, 4, 1, 5, 'DLS 1', 'PROCESAMIENTO ENLACE DE DATOS (ADS/CPDLC)'),
(27, 4, 1, 5, 'DLS 2', 'PROCESAMIENTO ENLACE DE DATOS (ADS/CPDLC)'),
(28, 4, 1, 5, 'LINEAS DLS', 'PROCESAMIENTO ENLACE DE DATOS (ADS/CPDLC)'),
(29, 4, 1, 5, 'SERVIDOR OPERATIVO', 'PROCESAMIENTO ENLACE DE DATOS (ADS/CPDLC)'),
(30, 4, 1, 9, 'SNET 1', 'PROCESAMIENTO DE ALARMAS'),
(31, 4, 1, 9, 'SNET 2', 'PROCESAMIENTO DE ALARMAS'),
(32, 4, 1, 9, 'SERVIDOR OPERATIVO', 'PROCESAMIENTO DE ALARMAS'),
(33, 5, 1, 4, 'RDCU 1', 'PROCESAMIENTO DE COMUNICACIONES RADAR'),
(34, 5, 1, 4, 'RDCU 2', 'PROCESAMIENTO DE COMUNICACIONES RADAR'),
(35, 5, 1, 4, 'RDCU_TX1', 'PROCESAMIENTO DE COMUNICACIONES RADAR'),
(36, 5, 1, 4, 'SERVIDOR OPERATIVO', 'PROCESAMIENTO DE COMUNICACIONES RADAR'),
(37, 5, 1, 11, 'CMD SPO', 'SUPERVISION'),
(38, 5, 1, 11, 'CMD SPT', 'SUPERVISION'),
(39, 5, 1, 11, 'SERVIDOR OPERATIVO', 'SUPERVISION'),
(40, 5, 1, 8, 'DRF1', 'GRABACION/REPRODUCCION DE VIDEO'),
(41, 5, 1, 8, 'DRF 2', 'GRABACION/REPRODUCCION DE VIDEO'),
(42, 6, 1, 4, 'ESTADO', 'RADAR 1 (MATA)'),
(43, 6, 1, 4, 'CANAL PRINCIPAL', 'RADAR 1 (MATA)'),
(44, 6, 1, 4, 'DESVIACIÓN ANGULAR', 'RADAR 1 (MATA)'),
(45, 6, 1, 4, 'FILTRO', 'RADAR 1 (MATA)'),
(46, 6, 1, 4, 'ESTADO', 'RADAR 2 (DIXON)'),
(47, 6, 1, 4, 'CANAL PRINCIPAL', 'RADAR 2 (DIXON)'),
(48, 6, 1, 4, 'DESVIACION ANGULAR ', 'RADAR 2 (DIXON)'),
(49, 6, 1, 4, 'FILTRO', 'RADAR 2 (DIXON)'),
(50, 6, 1, 4, 'ESTADO', 'RADAR N (MONTE CRUDO)'),
(51, 6, 1, 4, 'CANAL PRINCIPAL', 'RADAR N (MONTE CRUDO)'),
(52, 6, 1, 4, 'DESVIACIÓN ANGULAR', 'RADAR N (MONTE CRUDO)'),
(53, 6, 1, 4, 'FILTRO', 'RADAR N (MONTE CRUDO)'),
(54, 9, 1, 4, 'RADAR NIKTUN ', 'DIFUSORES LAN 1 => DIF 1'),
(55, 9, 1, 4, 'RADAR MANAGUA', 'DIFUSORES LAN 1 => DIF 2'),
(56, 9, 1, 4, 'RADAR BLUEFIELD', 'DIFUSORES LAN 1 => DIF 3'),
(57, 9, 1, 4, 'RADAR CANCUN', 'DIFUSORES LAN 1 => DIF 4'),
(58, 9, 1, 4, 'RADAR PALENCIA', 'DIFUSORES LAN 1 => DIF 5'),
(59, 9, 1, 4, 'RADAR JULIAN', 'DIFUSORES LAN 1 => DIF 6'),
(60, 9, 1, 4, 'RADAR DAVID', 'DIFUSORES LAN 1 => DIF 7'),
(61, 9, 1, 4, 'RADAR NIKTUN ', 'DIFUSORES LAN 2 => DIF 8'),
(62, 9, 1, 4, 'RADAR MANAGUA', 'DIFUSORES LAN 2 => DIF 9'),
(63, 9, 1, 4, 'RADAR BLUEFIELD', 'DIFUSORES LAN 2 => DIF 10'),
(64, 9, 1, 4, 'RADAR CANCUN', 'DIFUSORES LAN 2 => DIF 11'),
(65, 9, 1, 4, 'RADAR PALENCIA', 'DIFUSORES LAN 2 => DIF 12'),
(66, 9, 1, 4, 'RADAR JULIAN', 'DIFUSORES LAN 2 => DIF 13'),
(67, 9, 1, 4, 'RADAR CANCUN', 'RACK VSAT 3 SWITCH CX2000 => DIF 15'),
(68, 9, 1, 4, 'RADAR DAVID', 'RACK VSAT 3 SWITCH CX2000 => DIF 16'),
(69, 9, 1, 4, 'RADAR JULIAN', 'RACK VSAT 3 SWITCH CX2000 => DIF 17'),
(70, 9, 1, 4, 'RADAR MATA 1', 'RACK DLS Y DIFUSORES => DIF 18'),
(71, 9, 1, 4, 'RADAR DIXON 1', 'RACK DLS Y DIFUSORES => DIF 19'),
(72, 9, 1, 4, 'RADAR MONTE CRUDO 1', 'RACK DLS Y DIFUSORES => DIF 20'),
(73, 9, 1, 4, 'RADAR PUERTO CABEZA 1', 'RACK DLS Y DIFUSORES => DIF 21'),
(74, 9, 1, 4, 'RADAR CERRO SANTIAGO 1', 'RACK DLS Y DIFUSORES => DIF 22'),
(75, 9, 1, 4, 'RADAR BELICE 1', 'RACK DLS Y DIFUSORES => DIF 23'),
(76, 9, 1, 4, 'RADAR GRAN CAIMAN', 'RACK DLS Y DIFUSORES => DIF 24'),
(77, 9, 1, 4, 'LIBRE', 'RACK DLS Y DIFUSORES => DIF 25'),
(78, 9, 1, 4, 'LIBRE', 'RACK DLS Y DIFUSORES => DIF 26'),
(79, 9, 1, 4, 'LIBRE', 'RACK DLS Y DIFUSORES => DIF 27'),
(80, 9, 1, 4, 'RADAR MONTE CRUDO', 'RACK DLS Y DIFUSORES => DIF 28'),
(81, 10, 1, 12, 'NTP 1 IP => 172.33.45.170', 'NTP (SERVER / CLOCK)'),
(82, 10, 1, 12, 'NTP 1 IP => 172.30.44.170', 'NTP (SERVER / CLOCK)'),
(83, 10, 1, 12, 'NTP 2 IP => 172.31.44.170', 'NTP (SERVER / CLOCK)'),
(84, 10, 1, 12, 'NTP 2 IP => 172.16.38.80', 'NTP (SERVER / CLOCK)'),
(85, 10, 1, 12, 'NTP CLOCK 1', 'NTP (SERVER / CLOCK)'),
(86, 10, 1, 12, 'NTP CLOCK 2', 'NTP (SERVER / CLOCK)'),
(87, 10, 1, 12, 'NTP CLOCK 3', 'NTP (SERVER / CLOCK)'),
(88, 10, 1, 12, 'NTP CLOCK 4', 'NTP (SERVER / CLOCK)'),
(89, 10, 1, 4, 'RDCU SIM1', 'KVM AIRCON => RACK AIRCON LAN 1'),
(90, 10, 1, 4, 'RDCU SIM1', 'KVM AIRCON => RACK AIRCON LAN 2'),
(91, 10, 1, 4, 'RDCU SIM2', 'KVM AIRCON => RACK AIRCON LAN 1'),
(92, 10, 1, 4, 'RDCU SIM2', 'KVM AIRCON => RACK AIRCON LAN 2'),
(93, 10, 1, 4, 'RDCU 1', 'KVM AIRCON => RACK AIRCON LAN 1'),
(94, 10, 1, 4, 'RDCU 1', 'KVM AIRCON => RACK AIRCON LAN 2'),
(95, 10, 1, 4, 'RDCU 2', 'KVM AIRCON => RACK AIRCON LAN 1'),
(96, 10, 1, 4, 'RDCU 2', 'KVM AIRCON => RACK AIRCON LAN 2'),
(97, 10, 1, 10, 'FDP 1', 'KVM AIRCON => RACK AIRCON LAN 1'),
(98, 10, 1, 10, 'FDP 1', 'KVM AIRCON => RACK AIRCON LAN 2'),
(99, 10, 1, 10, 'FDP 2', 'KVM AIRCON => RACK AIRCON LAN 1'),
(100, 10, 1, 10, 'FDP 2', 'KVM AIRCON => RACK AIRCON LAN 2'),
(101, 10, 1, 8, 'DRF1', 'KVM AIRCON => RACK AIRCON LAN 1'),
(102, 10, 1, 8, 'DRF1', 'KVM AIRCON => RACK AIRCON LAN 2'),
(103, 10, 1, 8, 'DRF2', 'KVM AIRCON => RACK AIRCON LAN 1'),
(104, 10, 1, 8, 'DRF2', 'KVM AIRCON => RACK AIRCON LAN 2'),
(105, 10, 1, 3, 'SDP1', 'KVM AIRCON => RACK AIRCON LAN 1'),
(106, 10, 1, 3, 'SDP1', 'KVM AIRCON => RACK AIRCON LAN 2'),
(107, 10, 1, 3, 'SDP2', 'KVM AIRCON => RACK AIRCON LAN 1'),
(108, 10, 1, 3, 'SDP2', 'KVM AIRCON => RACK AIRCON LAN 2'),
(109, 10, 1, 5, 'DLS1', 'KVM AIRCON => RACK AIRCON LAN 1'),
(110, 10, 1, 5, 'DLS1', 'KVM AIRCON => RACK AIRCON LAN 2'),
(111, 10, 1, 5, 'DLS2', 'KVM AIRCON => RACK AIRCON LAN 1'),
(112, 10, 1, 5, 'DLS2', 'KVM AIRCON => RACK AIRCON LAN 2');



INSERT INTO `tbl_componente_final` (`ID_COMPONENTE`, `ID_EQUIPO`, `DESCRIPCION`) VALUES
(1, 1, 'ESTADO'),
(2, 1, 'LAN 1'),
(3, 1, 'LAN 2'),
(4, 2, 'ESTADO'),
(5, 2, 'LAN 1'),
(6, 2, 'LAN 2'),
(7, 3, 'ESTADO'),
(8, 3, 'LAN 1'),
(9, 3, 'LAN 2'),
(10, 4, 'ESTADO'),
(11, 4, 'LAN 1'),
(12, 4, 'LAN 2'),
(13, 5, 'ESTADO'),
(14, 5, 'LAN 1'),
(15, 5, 'LAN 2'),
(16, 6, 'ESTADO'),
(17, 6, 'LAN 1'),
(18, 6, 'LAN 2'),
(19, 7, 'ESTADO'),
(20, 7, 'LAN 1'),
(21, 7, 'LAN 2'),
(22, 8, 'ESTADO'),
(23, 8, 'LAN 1'),
(24, 8, 'LAN 2'),
(25, 9, 'ESTADO'),
(26, 9, 'LAN 1'),
(27, 9, 'LAN 2'),
(28, 10, 'ESTADO'),
(29, 10, 'LAN 1'),
(30, 10, 'LAN 2'),
(31, 11, 'ESTADO'),
(32, 11, 'LAN 1'),
(33, 11, 'LAN 2'),
(34, 12, 'ESTADO'),
(35, 12, 'LAN 1'),
(36, 12, 'LAN 2'),
(37, 13, 'ESTADO'),
(38, 13, 'LAN 1'),
(39, 13, 'LAN 2'),
(40, 14, 'ESTADO'),
(41, 14, 'LAN 1'),
(42, 14, 'LAN 2'),
(43, 15, 'ESTADO'),
(44, 15, 'LAN 1'),
(45, 15, 'LAN 2'),
(46, 16, 'ESTADO'),
(47, 16, 'LAN 1'),
(48, 16, 'LAN 2'),
(49, 17, 'ESTADO'),
(50, 17, 'LAN 1'),
(51, 17, 'LAN 2'),
(52, 18, 'LAN 1'),
(53, 18, 'LAN 2'),
(54, 19, 'LAN 1'),
(55, 19, 'LAN 2'),
(56, 20, 'LINE 1'),
(57, 20, 'LINE 2'),
(58, 23, 'LAN 1'),
(59, 23, 'LAN 2'),
(60, 24, 'LAN 1'),
(61, 24, 'LAN 2'),
(62, 26, 'LAN 1'),
(63, 26, 'LAN 2'),
(64, 27, 'LAN 1'),
(65, 27, 'LAN 2'),
(66, 28, 'LINE 1'),
(67, 28, 'LINE 2'),
(68, 30, 'LAN 1'),
(69, 30, 'LAN 2'),
(70, 31, 'LAN 1'),
(71, 31, 'LAN 2'),
(72, 33, 'ESTADO'),
(73, 33, 'LAN 1'),
(74, 33, 'LAN 2'),
(75, 34, 'ESTADO'),
(76, 34, 'LAN 1'),
(77, 34, 'LAN 2'),
(78, 35, 'ESTADO'),
(79, 35, 'LAN 1'),
(80, 35, 'LAN 2'),
(81, 37, 'LAN 1'),
(82, 37, 'LAN 2'),
(83, 38, 'LAN 1'),
(84, 38, 'LAN 2'),
(85, 40, 'ESTADO'),
(86, 40, 'LAN 1'),
(87, 40, 'LAN 2'),
(88, 40, 'CANTIDAD DE ARCHIVOS GRABADOS'),
(89, 40, 'PORCENTAJE DE GRABACION'),
(90, 41, 'ESTADO'),
(91, 41, 'LAN 1'),
(92, 41, 'LAN 2'),
(93, 41, 'CANTIDAD DE ARCHIVOS GRABADOS'),
(94, 41, 'PORCENTAJE DE GRABACION'),
(95, 44, 'AJUSTE'),
(96, 44, 'AZIMUTH'),
(97, 44, 'RANGE'),
(98, 48, 'AJUSTE'),
(99, 48, 'AZIMUTH'),
(100, 48, 'RANGE'),
(101, 52, 'AJUSTE'),
(102, 52, 'AZIMUTH'),
(103, 52, 'RANGE'),
(104, 54, 'LED DE POWER'),
(105, 54, 'LED DE RX(TD)'),
(106, 54, 'LED DE TX(RD)'),
(107, 54, 'LED DE RST'),
(108, 54, 'LED DE CTS'),
(109, 54, 'LED DE DSR'),
(110, 54, 'LED DE DCD'),
(111, 55, 'LED DE POWER'),
(112, 55, 'LED DE RX(TD)'),
(113, 55, 'LED DE TX(RD)'),
(114, 55, 'LED DE RST'),
(115, 55, 'LED DE CTS'),
(116, 55, 'LED DE DSR'),
(117, 55, 'LED DE DCD'),
(118, 56, 'LED DE POWER'),
(119, 56, 'LED DE RX(TD)'),
(120, 56, 'LED DE TX(RD)'),
(121, 56, 'LED DE RST'),
(122, 56, 'LED DE CTS'),
(123, 56, 'LED DE DSR'),
(124, 56, 'LED DE DCD'),
(125, 57, 'LED DE POWER'),
(126, 57, 'LED DE RX(TD)'),
(127, 57, 'LED DE TX(RD)'),
(128, 57, 'LED DE RST'),
(129, 57, 'LED DE CTS'),
(130, 57, 'LED DE DSR'),
(131, 57, 'LED DE DCD'),
(132, 58, 'LED DE POWER'),
(133, 58, 'LED DE RX(TD)'),
(134, 58, 'LED DE TX(RD)'),
(135, 58, 'LED DE RST'),
(136, 58, 'LED DE CTS'),
(137, 58, 'LED DE DSR'),
(138, 58, 'LED DE DCD'),
(139, 59, 'LED DE POWER '),
(140, 59, 'LED DE RX(TD)'),
(141, 59, 'LED DE TX(RD)'),
(142, 59, 'LED DE RST'),
(143, 59, 'LED DE CTS'),
(144, 59, 'LED DE DSR'),
(145, 59, 'LED DE DCD'),
(146, 60, 'LED DE POWER'),
(147, 60, 'LED DE RX(TD)'),
(148, 60, 'LED DE TX(RD)'),
(149, 60, 'LED DE RST'),
(150, 60, 'LED DE CTS'),
(151, 60, 'LED DE DSR'),
(152, 60, 'LED DE DCD'),
(153, 61, 'LED DE POWER'),
(154, 61, 'LED DE RX(TD)'),
(155, 61, 'LED DE TX(RD)'),
(156, 61, 'LED DE RST'),
(157, 61, 'LED DE CTS'),
(158, 61, 'LED DE DSR'),
(159, 61, 'LED DE DCD'),
(160, 62, 'LED DE POWER'),
(161, 62, 'LED DE RX(TD)'),
(162, 62, 'LED DE TX(RD)'),
(163, 62, 'LED DE RST'),
(164, 62, 'LED DE CTS'),
(165, 62, 'LED DE DSR'),
(166, 62, 'LED DE DCD'),
(167, 63, 'LED DE POWER'),
(168, 63, 'LED DE RX(TD)'),
(169, 63, 'LED DE TX(RD)'),
(170, 63, 'LED DE RST'),
(171, 63, 'LED DE CTS'),
(172, 63, 'LED DE DSR'),
(173, 63, 'LED DE DCD'),
(174, 64, 'LED DE POWER'),
(175, 64, 'LED DE RX(TD)'),
(176, 64, 'LED DE TX(RD)'),
(177, 64, 'LED DE RST'),
(178, 64, 'LED DE CTS'),
(179, 64, 'LED DE DSR'),
(180, 64, 'LED DE DCD'),
(181, 65, 'LED DE POWER'),
(182, 65, 'LED DE RX(TD)'),
(183, 65, 'LED DE TX(RD)'),
(184, 65, 'LED DE RST'),
(185, 65, 'LED DE CTS'),
(186, 65, 'LED DE DSR'),
(187, 65, 'LED DE DCD'),
(188, 66, 'LED DE POWER'),
(189, 66, 'LED DE RX(TD)'),
(190, 66, 'LED DE TX(RD)'),
(191, 66, 'LED DE RST'),
(192, 66, 'LED DE CTS'),
(193, 66, 'LED DE DSR'),
(194, 66, 'LED DE DCD'),
(195, 67, 'LED DE POWER'),
(196, 67, 'LED DE RX(TD)'),
(197, 67, 'LED DE TX(RD)'),
(198, 67, 'LED DE RST'),
(199, 67, 'LED DE CTS'),
(200, 67, 'LED DE DSR'),
(201, 67, 'LED DE DCD'),
(202, 68, 'LED DE POWER'),
(203, 68, 'LED DE RX(TD)'),
(204, 68, 'LED DE TX(RD)'),
(205, 68, 'LED DE RST'),
(206, 68, 'LED DE CTS'),
(207, 68, 'LED DE DSR'),
(208, 68, 'LED DE DCD'),
(209, 69, 'LED DE POWER'),
(210, 69, 'LED DE RX(TD)'),
(211, 69, 'LED DE TX(RD)'),
(212, 69, 'LED DE RST'),
(213, 69, 'LED DE CTS'),
(214, 69, 'LED DE DSR'),
(215, 69, 'LED DE DCD'),
(216, 70, 'LED DE POWER'),
(217, 70, 'LED DE RX(TD)'),
(218, 70, 'LED DE TX(RD)'),
(219, 70, 'LED DE RST'),
(220, 70, 'LED DE CTS'),
(221, 70, 'LED DE DSR'),
(222, 70, 'LED DE DCD'),
(223, 71, 'LED DE POWER'),
(224, 71, 'LED DE RX(TD)'),
(225, 71, 'LED DE TX(RD)'),
(226, 71, 'LED DE RST'),
(227, 71, 'LED DE CTS'),
(228, 71, 'LED DE DSR'),
(229, 71, 'LED DE DCD'),
(230, 72, 'LED DE POWER'),
(231, 72, 'LED DE RX(TD)'),
(232, 72, 'LED DE TX(RD)'),
(233, 72, 'LED DE RST'),
(234, 72, 'LED DE CTS'),
(235, 72, 'LED DE DSR'),
(236, 72, 'LED DE DCD'),
(237, 73, 'LED DE POWER'),
(238, 73, 'LED DE RX(TD)'),
(239, 73, 'LED DE TX(RD)'),
(240, 73, 'LED DE RST'),
(241, 73, 'LED DE CTS'),
(242, 73, 'LED DE DSR'),
(243, 73, 'LED DE DCD'),
(244, 74, 'LED DE POWER'),
(245, 74, 'LED DE RX(TD)'),
(246, 74, 'LED DE TX(RD)'),
(247, 74, 'LED DE RST'),
(248, 74, 'LED DE CTS'),
(249, 74, 'LED DE DSR'),
(250, 74, 'LED DE DCD'),
(251, 75, 'LED DE POWER'),
(252, 75, 'LED DE RX(TD)'),
(253, 75, 'LED DE TX(RD)'),
(254, 75, 'LED DE RST'),
(255, 75, 'LED DE CTS'),
(256, 75, 'LED DE DSR'),
(257, 75, 'LED DE DCD'),
(258, 76, 'LED DE POWER '),
(259, 76, 'LED DE RX(TD)'),
(260, 76, 'LED DE TX(RD)'),
(261, 76, 'LED DE RST'),
(262, 76, 'LED DE CTS'),
(263, 76, 'LED DE DSR'),
(264, 76, 'LED DE DCD'),
(265, 77, 'LED DE POWER'),
(266, 77, 'LED DE RX(TD)'),
(267, 77, 'LED DE TX(RD)'),
(268, 77, 'LED DE RST'),
(269, 77, 'LED DE CTS'),
(270, 77, 'LED DE DSR'),
(271, 77, 'LED DE DCD'),
(272, 78, 'LED DE POWER'),
(273, 78, 'LED DE RX(TD)'),
(274, 78, 'LED DE TX(RD)'),
(275, 78, 'LED DE RST'),
(276, 78, 'LED DE CTS'),
(277, 78, 'LED DE DSR'),
(278, 78, 'LED DE DCD'),
(279, 79, 'LED DE POWER'),
(280, 79, 'LED DE RX(TD)'),
(281, 79, 'LED DE TX(RD)'),
(282, 79, 'LED DE RST'),
(283, 79, 'LED DE CTS'),
(284, 79, 'LED DE DSR'),
(285, 79, 'LED DE DCD'),
(286, 80, 'LED DE POWER'),
(287, 80, 'LED DE RX(TD)'),
(288, 80, 'LED DE TX(RD)'),
(289, 80, 'LED DE RST'),
(290, 80, 'LED DE CTS'),
(291, 80, 'LED DE DSR'),
(292, 80, 'LED DE DCD');

INSERT INTO `tbl_booleanos` (`SUBTIPO_VALOR_BOOLEANO`, `VALOR_CADENA`) VALUES
('1 - 1', 'OK'),
('1 - 2', 'NOK'),
('3 - 1', 'BLANCO'),
('3 - 2', 'NEGRO');

INSERT INTO `tbl_listas` (`SUBTIPO_VALOR_LISTA`, `VALOR_CADENA`) VALUES
('1 - 1', 'VERDE OSCURO'),
('1 - 2 ', 'VERDE CLARO'),
('1 - 3', 'ROJO'),
('1 - 4', 'MORADO'),
('1 - 5', 'BLANCO'),
('1 - 6', 'AZUL'),
('1 - 7', 'AMARILLO'),
('1 - 8', 'NEGRO'),
('1 - 9', 'GRIS'),
('2 - 1', 'BAJO'),
('2 - 2', 'MEDIO'),
('2 - 3', 'ALTO'),
('3 - 1', 'ON'),
('3 - 2', 'OFF'),
('3 - 3', 'BLK');

INSERT INTO `tbl_enteros_flotantes` (`SUBTIPO_VALOR_NUMERO`, `VALOR_MINIMO`, `VALOR_MAXIMO`) VALUES
(1, 12, 15),
(2, 120, 150),
(3, 200, 250),
(4, 250, 300),
(5, 300, 350),
(6, 350, 400),
(7, 400, 450),
(8, 450, 500);

