INSERT INTO `tbl_cargos` (`ID_CARGO`,`NOMBRE_CARGO`, `PERMISOS_CARGO`) VALUES
(1, 'DIRECTOR EJECUTIVO', 'hay permiso para acceder a un 90% de la informacion del sistema'),
(2, 'DIRECTOR DE OPERACIONES', 'hay permiso para acceder a rutinas alfa'),
(3, 'DIRECTOR COMERCIAL - CSO', 'hay permiso para revisar inventarios'),
(4, 'DIRECTOR DE MARKETING', 'revisar compras a proveedores virtuales'),
(5, 'DIRECTOR DE RECURSOS HUMANOS', 'permiso para contratar nuevas personas'),
(6, 'CUSTOMER SUCCESS (CS)', 'permiso para ver relaciones con otras empresas del mismo rubro'),
(7, 'DIRECTOR FINANCIERO', 'permiso para acceder a fondos de la institucion'),
(8, 'TECNICO DE MANTENIMIENTO', 'permiso para limpieza de equipos y optimizar cada una de sus componentes'),
(9, 'PRACTICANTE INGENIERO DE SOFTWARE','permiso para probar nuevos proyectos que se desean implementar, para no desubicar al otro personal de sus puestos');

INSERT INTO `tbl_paises` (`ID_PAIS`,`PAIS`) VALUES
(52, 'MÉXICO '),
(501, 'BELICE'),
(502, 'GUATEMALA'),
(503, 'EL SALVADOR '),
(504, 'HONDURAS'),
(505, 'NICARAGUA'),
(506, 'COSTA RICA'),
(1345, 'GRAN CAIMÁN');

INSERT INTO `tbl_ciudades` (`ID_CIUDAD`,`ID_PAIS`, `NOMBRE_CIUDAD`) VALUES
(1, 504, 'TEGUCIGALPA'),
(2, 504, 'SAN PEDRO SULA'),
(3, 504, 'TRUJILLO'),
(4, 504, 'LA CEIBA'),
(5, 504, 'ROATAN '),
(6, 504, 'COMAYAGUA'),
(7, 504, 'CIUDAD DESCONOCIDA HONDURAS'),
(8, 503, 'SAN SALVADOR'),
(9, 503, 'SAN LUIS TALPA'),
(10, 503, 'CHINAMECA'),
(11, 502, 'CIUDAD DE GUATEMALA'),
(12, 502, 'VILLA CANALES'),
(13, 502, 'JUTIAPA'),
(14, 502, 'FLORES'),
(15, 501, 'BELICE'),
(16, 501, 'CAYO'),
(17, 505, 'MANAGUA'),
(18, 505, 'PUERTO CABEZAS'),
(19, 505, 'BLUE FIELD'),
(20, 505, 'TOLA'),
(21, 505, 'CHINANDEGA'),
(22, 506, 'GUANACASTE'),
(23, 506, 'TARRAZU '),
(24, 506, 'LIBERIA '),
(25, 506, 'ALAJUELA'),
(26, 506, 'SAN JOSE '),
(27, 1345, 'GEORGE TOWN'),
(28, 52, 'MERIDA'),
(29, 52, 'CIUDAD DESCONOCIDA MEXICO');

INSERT INTO `tbl_sitios` (`ID_SITIO`,`ID_CIUDAD`, `NOMBRE_SITIO`, `TRILITERAL`) VALUES
(1, 1, 'SEDE', 'CEN'),
(2, 2, 'LA MESA', 'LLL'),
(3, 5, 'ROATAN', 'RRR'),
(4, 8, 'ILOPANGO', 'ILO'),
(5, 8, 'PACAYAL', 'PCY'),
(6, 9, 'COMALAPA', 'SAL'),
(7, 11, 'AURORA', 'AUR'),
(8, 14, 'TIKAL', 'TKL'),
(9, 15, 'BELICE', 'BZE'),
(10, 17, 'MANAGUA', 'MNG'),
(11, 22, 'EL COCO', 'OCO'),
(12, 26, 'CERRO BUENA VISTA', 'CBV'),
(13, 28, 'MERIDA', 'MID'),
(14, 29, 'VOLCÁN POAS', 'POA');

INSERT INTO `tbl_localidades` (`ID_LOCALIDAD`, `ID_PAIS`, `ID_SITIO`, `NOMBRE_LOCALIDAD`, `TRILITERAL`) VALUES
(1, 504, 1, 'CERRO MONTE CRUDO', 'CMC'),
(2, 504, 1, 'SEDE_CYN', 'C Y N'),
(3, 504, 1, 'EL HORNO', 'EHR'),
(4, 504, 1, 'DIXON HILL', 'DIX'),
(5, 504, 1, 'TONCONTIN', 'NNN'),
(6, 504, 1, 'TNT TORRE', 'TNT TORRE'),
(7, 504, 1, 'AGENCIA HONDUREÑA AERONÁUTICA', 'AHA'),
(8, 504, 1, 'SAUCE VOR/DME', 'SAUCE VOR/DME'),
(9, 504, 1, 'ROA AEROPUERTO', 'ROA AEROPUERTO'),
(10, 504, 1, 'ROA TORRE', 'ROA TORRE'),
(11, 504, 1, 'ROA VOR/DME', 'ROA VOR/DME'),
(12, 504, 1, 'TNT AEROPUERTO', 'TNT AEROPUERTO'),
(13, 504, 1, 'COFAH', 'COFAH'),
(14, 504, 1, 'SOTO', 'SOTO'),
(15, 504, 1, 'CERRO DE HULA', 'CDH'),
(16, 504, 1, 'PEDREGAL HF', 'PED'),
(17, 505, 1, 'CERRO LAS CASITAS', 'LCA'),
(18, 504, 2, 'LAS CRUCES', 'LCR'),
(19, 504, 2, 'CALENTURA', 'CAL'),
(20, 504, 2, 'LA CEIBA', 'CCC'),
(21, 504, 2, 'LCE AEROPUERTO', 'LCE AEROPUERTO'),
(22, 504, 2, 'LCE TORRE', 'LCE TORRE'),
(23, 504, 2, 'LMS LOCALIZADORES PISTA', 'LMS LOCALIZADORES PISTA'),
(24, 504, 2, 'LMS TORRE', 'LMS TORRE'),
(25, 504, 2, 'LMS CENTRO DE CONTROL', 'LMS CENTRO DE CONTROL'),
(26, 504, 2, 'LMS AEROPUERTO', 'LMS AEROPUERTO'),
(27, 504, 2, 'LMS VOR/DME PISTA', 'LMS VOR/DME PISTA'),
(28, 504, 2, 'LMS GLIDE/SLOPE PISTA', 'LMS GLIDE/SLOPE PISTA'),
(29, 504, 2, 'LCE VOR/DME PISTA', 'LCE VOR/DME PISTA'),
(30, 504, 2, 'LCE NBD/DME', 'LCE NBD/DME'),
(31, 503, 4, 'PACAYAL', 'PCY'),
(32, 503, 4, 'BOQUERON', 'BOQ'),
(33, 502, 7, 'SANTA ELENA DE BARILLA', 'SEL'),
(34, 502, 7, 'CERRO SANTIAGO', 'CSA'),
(35, 502, 7, 'NIKTUN', 'NIK'),
(36, 501, 9, 'BALDY BEACON', 'BYB'),
(37, 505, 10, 'LAS NUBES', 'LNB'),
(38, 505, 10, 'PUERTO CABEZAS', 'PZA'),
(39, 505, 10, 'BLUE FIELD', 'BLU'),
(40, 505, 10, 'CORN ISLAND', 'CRN'),
(41, 505, 10, 'CERRO LA CUESTA', 'CLC'),
(42, 506, 11, 'CERRO BRUJO', 'BRU'),
(43, 506, 11, 'MATA DE CAÑA', 'MAT'),
(44, 506, 11, 'LIBERIA', 'LIB');

INSERT INTO `tbl_unidades` (`ID_UNIDAD`, `ID_PAIS`, `ID_SITIO`, `NOMBRE_UNIDAD`, `DESCRIPCION_UNIDAD`) VALUES
(1, 504, 1, 'AUTOMATIZACIÓN (HONDURAS)', 'Somos una unidad dedicada a automatizar procesos en cada uno de las rutinas que se hacen de forma diaria, semanal, mensual y trimestral estamos ubicados, nos repartimos en otras unidades tambien'),
(2, 504, 1, 'ENERGÍA Y EQUIPOS AUXILIARES (HONDURAS)', 'somos una unidad dedicada a supervisar los equipos que se ubican en cada sitio, revisamos torres a las cuales se les da mantenimiento y se hacen reportes de como se encuentran'),
(3, 504, 1, 'MACC (HONDURAS)', 'somos una unidad dedicada al mantenimiento de los equipos que le hacen llamadas a las aeronaves, se le privee mantenimiento a los equipos que se encuentran en las UCSS, a los equipos que estan desocupados, haciendolo de diferentes periodicidades'),
(4, 504, 2, 'COMUNICACIÓN Y RADIO AYUDA (HONDURAS)', 'somops una unidad dedicada a supervisar otros centros, esto contribuye a mejorar el apoyo entre la comunidad de cocesna'),
(5, 504, 2, 'VIGILANCIA Y RADAR (HONDURAS)', 'somos una unidad dedicada a proveer monitoreo a las aeronaves, conducimos de forma segura a los aviones trazandoles rutas para evitar que hayan colisiones, proveyendo seguridad a los pasajeros');

INSERT INTO `tbl_areas` (`ID_AREA`, `ID_UNIDAD`, `ID_AREA_SUPERIOR`, `NOMBRE_AREA`) VALUES
(1, 1, NULL, 'ADMINISTRATIVA'),
(2, 1, NULL, 'TECNICA'),
(3, 1, NULL, 'OPERATIVA'),
(4, 1, 3, 'ACSA'),
(5, 1, 3, 'ICCAE'),
(6, 1, 3, 'ACNA'),
(7, 1, NULL, 'SITIOS REMOTOS'),
(8, 1, NULL, 'OPERADORA'),
(9, 1, 8, 'SIM '),
(10, 1, 8, 'CASETA VIGILANCIA'),
(11, 1, 8, 'COMEDOR'),
(12, 1, 8, 'RECEPCION'),
(13, 1, NULL, 'DAC / SITIOS REMOTOS');

INSERT INTO `tbl_mantenimientos` (`ID_MANTENIMIENTO`, `TITULO_MANTENIMIENTO`, `DESCRIPCION_MANTENIMIENTO`, `FECHA_CREACION`, `FECHA_LIMITE`) VALUES
(1, 'MANTENIMIENTO DE EQUIPOS AIRCON 2100', 'Lorem ipsum dolor sit amet consectetur adipisicing elit. Similique sed aliquid voluptatem nisi ab quasi eos fuga velit voluptatibus fugiat.', '2019-10-01 00:00:00', '2019-12-12 04:02:04'),
(2, 'DESVIACION ANGULAR SDP, DBM', 'Lorem ipsum dolor sit amet consectetur adipisicing elit. Doloremque illo tempora cupiditate enim beatae amet nesciunt sunt tenetur. Possimus, dolorem?', '2019-03-04 03:16:06', '2018-11-04 04:02:10'),
(3, 'IMPRESORAS DE UCSSs', 'Lorem ipsum dolor sit amet consectetur adipisicing elit. Doloremque illo tempora cupiditate enim beatae amet nesciunt sunt tenetur. Possimus, dolorem?', '2018-04-03 07:26:23', '2018-06-12 04:13:14'),
(4, 'BACKUP ARCHIVOS A2100', 'Lorem ipsum dolor sit amet consectetur adipisicing elit. Quisquam nihil illo possimus esse veniam unde! Ducimus pariatur dolores quaerat labore.', '2019-06-03 10:48:24', '2019-08-12 14:37:54'),
(5, 'PARAMETROS DE SISTEMA A2100 POSICION CMD', 'eaque, cum praesentium quae enim explicabo nostrum in placeat accusamus repudiandae, quidem ullam voluptas dolores a \r\ndicta cupiditate distinctio? Veritatis asperiores nostrum error adipisci fugiat e', '2019-09-03 06:10:00', '2019-10-12 12:53:00'),
(6, 'SISTEMA AIRCON-2100 PROGRAMA DE MANTENIMIENTO UCS', 'aliquid commodi nulla temporibus illo aperiam quisquam doloribus totam voluptatum incidunt fugit dolorum assumenda', '2019-07-10 05:00:00', '2019-09-09 11:00:00'),
(7, 'SISTEMA WSACC', '   molestiae, qui voluptates cupiditate tempora harum illum magnam distinctio cum omnis molestias impedit corrupti ', '2016-12-14 06:00:00', '2017-04-14 10:00:00'),
(8, 'RUTINA DE MANTENIMIENTO DEL SISTEMA AMH', 'nulla error sint corporis impedit nam quasi necessitatibus. Ducimus aspernatur quis repudiandae facilis incidunt', '2018-10-09 06:00:00', '2018-11-12 17:00:00');

INSERT INTO `tbl_empleados` (`ID_EMPLEADO`,`ID_PAIS`,`ID_UNIDAD`, `ID_CARGO`,`ID_MANTENIMIENTO`,`NOMBRE`, `CORREO`, `USUARIO`, `CONTRASENA`, `ACCESO`) VALUES
(1,504, 1, 8,1, 'Louie Liam Leannon Moen', 'louieliam@gmail.com', 'luilieliam1', 'asd.123', 1),
(2,504, 1, 8,1, 'Darrin Hank Becker Welch', 'darrinhank@hotmail.com', 'darrinhank2', 'asd.123', 1),
(3,504, 5, 8,1, 'Brett Jaeden Rempel Hermiston', 'brettjaedenr@gmail.com', 'brettjaeden3', 'asd.123', 1),
(4,504, 5, 8,1, 'Christ Gilbert Kunde Hoppe', 'christgilbertk@hotmail.com', 'christgilbert4', 'asd.123', 1),
(5,504, 5, 8,1, 'Russ Moises Osinski Rippin', 'russmoises@hotmail.com', 'russmoises5', 'asd.123', 1);

INSERT INTO `tbl_sistemas` (`ID_SISTEMA`,`ID_UNIDAD`, `NOMBRE_SISTEMA`) VALUES
(1, 2, 'PLANTA PBX TELEFÓNICA'),
(2, 2, 'VSAT'),
(3, 2, 'VOR/DME'),
(4, 3, 'UPS APC SYNMETRA'),
(5, 3, 'UPS'),
(6, 2, 'TX HF'),
(7, 3, 'TRANSFORMADOR DE ENTRADA ENEE'),
(8, 3, 'TRANSFER'),
(9, 3, 'TANQUE DE COMBUSTIBLE'),
(10, 3, 'SISTEMA DE TIERRA Y PROTECCIÓN'),
(11, 3, 'SISTEMA CONTRA INCENDIOS ARIES'),
(12, 4, 'RADARES'),
(13, 1, 'AIRCON'),
(14, 1, 'AIRCON SIMULADOR');

INSERT INTO `tbl_sitios_has_tbl_sistemas` (`ID_SITIO`,`ID_SISTEMA`) VALUES
(1, 1),
(1, 2),
(2, 3),
(3, 2);

INSERT INTO `tbl_formatos` (`ID_FORMATO`,`ID_SISTEMA`, `NOMBRE_FORMATO`) VALUES
(1, 13, 'DIARIO 1-1'),
(2, 13, 'DIARIO 1-2'),
(3, 13, 'DIARIO 1-3'),
(4, 13, 'DIARIO 1-4'),
(5, 13, 'DIARIO 1-5'),
(6, 13, 'DIARIO 1-6'),
(7, 13, 'SEMANAL 1'),
(8, 13, 'SEMANAL 3'),
(9, 13, 'SEMANAL 3-1'),
(10, 13, 'SEMANAL 3-2'),
(11, 13, 'MENSUAL 1-1'),
(12, 13, 'MENSUAL 1-2'),
(13, 13, 'MENSUAL 1-3'),
(14, 13, 'MENSUAL 1-4'),
(15, 13, 'MENSUAL 4'),
(16, 13, 'MENSUAL 5-1'),
(17, 13, 'MENSUAL 6'),
(18, 13, 'MENSUAL 7-1'),
(19, 13, 'MENSUAL 7-2'),
(20, 13, 'TRIMESTRAL 5-2'),
(21, 13, 'TRIMESTRAL 8');

INSERT INTO `tbl_subsistemas` (`ID_SUBSISTEMA`, `ID_SISTEMA`, `NOMBRE_SUBSISTEMA`) VALUES
(1, 13, 'SDD'),
(2, 13, 'PDP'),
(3, 13, 'SDP'),
(4, 13, 'RDCU'),
(5, 13, 'DLS'),
(6, 13, 'DBM'),
(7, 13, 'FDD'),
(8, 13, 'DRF'),
(9, 13, 'SNET'),
(10, 13, 'FDP'),
(11, 13, 'CMD'),
(12, 13, 'NTP'),
(13, 13, 'AMH');

INSERT INTO `tbl_equipos` (`ID_EQUIPO`, `ID_FORMATO`, `ID_SITIO`, `ID_SUBSISTEMA`, `ID_MANTENIMIENTO`, `NOMBRE_EQUIPO`, `UBICACION_FISICA`) VALUES
(1, 1, 1, 1, 1, 'SDD1', 'UCS1'),
(2, 1, 1, 1, 1, 'SDD2', 'UCS1'),
(3, 1, 1, 1, 1, 'IMPR IFV-1', 'UCS1'),
(4, 1, 1, 1, 1, 'SDD3', 'UCS2'),
(5, 1, 1, 1, 1, 'SDD4', 'UCS2'),
(6, 1, 1, 1, 1, 'IMPR IFV-2', 'UCS2'),
(7, 1, 1, 1, 1, 'SDD5', 'UCS3'),
(8, 1, 1, 1, 1, 'SDD6', 'UCS3'),
(9, 1, 1, 1, 1, 'IMPR IFV-3', 'UCS3'),
(10, 1, 1, 1, 1, 'SDD7', 'UCS4'),
(11, 1, 1, 1, 1, 'SDD8', 'UCS4'),
(12, 1, 1, 1, 1, 'IMPR IFV-4', 'UCS4'),
(13, 1, 1, 1, 1, 'SDD9', 'UCS5'),
(14, 1, 1, 1, 1, 'SDD10', 'UCS5'),
(15, 1, 1, 1, 1, 'IMPR IFV-5', 'UCS5'),
(16, 2, 1, 1, 1, 'SDD11', 'SPO'),
(17, 2, 1, 1, 1, 'SDD12', 'SPT'),
(18, 2, 1, 1, 1, 'SDD13', 'CEN.RAD'),
(19, 2, 1, 1, 1, 'SDD14', 'AFTM'),
(20, 2, 1, 1, 1, 'SDD15', 'SAR'),
(21, 3, 1, 7, 1, 'FDD 1', 'PRESENTACION PLAN DE VUELO'),
(22, 3, 1, 7, 1, 'FDD 2 ', 'PRESENTACION PLAN DE VUELO'),
(23, 4, 1, 10, 1, 'FDP 1', 'PROCESAMIENTO PLANES DE VUELO'),
(24, 4, 1, 10, 1, 'FDP 2', 'PROCESAMIENTO PLANES DE VUELO'),
(25, 4, 1, 10, 1, 'AFTN', 'PROCESAMIENTO PLANES DE VUELO'),
(26, 4, 1, 10, 1, 'SERVIDOR OPERATIVO', 'PROCESAMIENTO DE PLANES DE VUELO'),
(27, 4, 1, 3, 1, 'SDP 1', 'PROCESAMIENTO DATOS RADAR'),
(28, 4, 1, 3, 1, 'SDP 2', 'PROCESAMIENTO DATOS RADAR'),
(29, 4, 1, 3, 1, 'SERVIDOR OPERATIVO', 'PROCESAMIENTO DATOS RADAR'),
(30, 4, 1, 5, 1, 'DLS 1', 'PROCESAMIENTO ENLACE DE DATOS (ADS/CPDLC)'),
(31, 4, 1, 5, 1, 'DLS 2', 'PROCESAMIENTO ENLACE DE DATOS (ADS/CPDLC)'),
(32, 4, 1, 5, 1, 'LINEAS DLS', 'PROCESAMIENTO ENLACE DE DATOS (ADS/CPDLC)'),
(33, 4, 1, 5, 1, 'SERVIDOR OPERATIVO', 'PROCESAMIENTO ENLACE DE DATOS (ADS/CPDLC)'),
(34, 4, 1, 9, 1, 'SNET 1', 'PROCESAMIENTO DE ALARMAS'),
(35, 4, 1, 9, 1, 'SNET 2', 'PROCESAMIENTO DE ALARMAS'),
(36, 4, 1, 9, 1, 'SERVIDOR OPERATIVO', 'PROCESAMIENTO DE ALARMAS'),
(37, 5, 1, 4, 1, 'RDCU 1', 'PROCESAMIENTO DE COMUNICACIONES RADAR'),
(38, 5, 1, 4, 1, 'RDCU 2', 'PROCESAMIENTO DE COMUNICACIONES RADAR'),
(39, 5, 1, 4, 1, 'RDCU_TX1', 'PROCESAMIENTO DE COMUNICACIONES RADAR'),
(40, 5, 1, 4, 1, 'SERVIDOR OPERATIVO', 'PROCESAMIENTO DE COMUNICACIONES RADAR'),
(41, 5, 1, 11, 1, 'CMD SPO', 'SUPERVISION'),
(42, 5, 1, 11, 1, 'CMD SPT', 'SUPERVISION'),
(43, 5, 1, 11, 1, 'SERVIDOR OPERATIVO', 'SUPERVISION'),
(44, 5, 1, 8, 1, 'DRF1', 'GRABACION/REPRODUCCION DE VIDEO'),
(45, 5, 1, 8, 1, 'DRF 2', 'GRABACION/REPRODUCCION DE VIDEO'),
(46, 6, 1, 4, 1, 'ESTADO', 'RADAR 1 (MATA)'),
(47, 6, 1, 4, 1, 'CANAL PRINCIPAL', 'RADAR 1 (MATA)'),
(48, 6, 1, 4, 1, 'DESVIACIÓN ANGULAR', 'RADAR 1 (MATA)'),
(49, 6, 1, 4, 1, 'FILTRO', 'RADAR 1 (MATA)'),
(50, 6, 1, 4, 1, 'ESTADO', 'RADAR 2 (DIXON)'),
(51, 6, 1, 4, 1, 'CANAL PRINCIPAL', 'RADAR 2 (DIXON)'),
(52, 6, 1, 4, 1, 'DESVIACION ANGULAR ', 'RADAR 2 (DIXON)'),
(53, 6, 1, 4, 1, 'FILTRO', 'RADAR 2 (DIXON)'),
(54, 6, 1, 4, 1, 'ESTADO', 'RADAR N (MONTE CRUDO)'),
(55, 6, 1, 4, 1, 'CANAL PRINCIPAL', 'RADAR N (MONTE CRUDO)'),
(56, 6, 1, 4, 1, 'DESVIACIÓN ANGULAR', 'RADAR N (MONTE CRUDO)'),
(57, 6, 1, 4, 1, 'FILTRO', 'RADAR N (MONTE CRUDO)'),
(58, 9, 1, 4, 1, 'RADAR NIKTUN ', 'DIFUSORES LAN 1 => DIF 1'),
(59, 9, 1, 4, 1, 'RADAR MANAGUA', 'DIFUSORES LAN 1 => DIF 2'),
(60, 9, 1, 4, 1, 'RADAR BLUEFIELD', 'DIFUSORES LAN 1 => DIF 3'),
(61, 9, 1, 4, 1, 'RADAR CANCUN', 'DIFUSORES LAN 1 => DIF 4'),
(62, 9, 1, 4, 1, 'RADAR PALENCIA', 'DIFUSORES LAN 1 => DIF 5'),
(63, 9, 1, 4, 1, 'RADAR JULIAN', 'DIFUSORES LAN 1 => DIF 6'),
(64, 9, 1, 4, 1, 'RADAR DAVID', 'DIFUSORES LAN 1 => DIF 7'),
(65, 9, 1, 4, 1, 'RADAR NIKTUN ', 'DIFUSORES LAN 2 => DIF 8'),
(66, 9, 1, 4, 1, 'RADAR MANAGUA', 'DIFUSORES LAN 2 => DIF 9'),
(67, 9, 1, 4, 1, 'RADAR BLUEFIELD', 'DIFUSORES LAN 2 => DIF 10'),
(68, 9, 1, 4, 1, 'RADAR CANCUN', 'DIFUSORES LAN 2 => DIF 11'),
(69, 9, 1, 4, 1, 'RADAR PALENCIA', 'DIFUSORES LAN 2 => DIF 12'),
(70, 9, 1, 4, 1, 'RADAR JULIAN', 'DIFUSORES LAN 2 => DIF 13'),
(71, 9, 1, 4, 1, 'RADAR CANCUN', 'RACK VSAT 3 SWITCH CX2000 => DIF 15'),
(72, 9, 1, 4, 1, 'RADAR DAVID', 'RACK VSAT 3 SWITCH CX2000 => DIF 16'),
(73, 9, 1, 4, 1, 'RADAR JULIAN', 'RACK VSAT 3 SWITCH CX2000 => DIF 17'),
(74, 9, 1, 4, 1, 'RADAR MATA 1', 'RACK DLS Y DIFUSORES => DIF 18'),
(75, 9, 1, 4, 1, 'RADAR DIXON 1', 'RACK DLS Y DIFUSORES => DIF 19'),
(76, 9, 1, 4, 1, 'RADAR MONTE CRUDO 1', 'RACK DLS Y DIFUSORES => DIF 20'),
(77, 9, 1, 4, 1, 'RADAR PUERTO CABEZA 1', 'RACK DLS Y DIFUSORES => DIF 21'),
(78, 9, 1, 4, 1, 'RADAR CERRO SANTIAGO 1', 'RACK DLS Y DIFUSORES => DIF 22'),
(79, 9, 1, 4, 1, 'RADAR BELICE 1', 'RACK DLS Y DIFUSORES => DIF 23'),
(80, 9, 1, 4, 1, 'RADAR GRAN CAIMAN', 'RACK DLS Y DIFUSORES => DIF 24'),
(81, 9, 1, 4, 1, 'LIBRE', 'RACK DLS Y DIFUSORES => DIF 25'),
(82, 9, 1, 4, 1, 'LIBRE', 'RACK DLS Y DIFUSORES => DIF 26'),
(83, 9, 1, 4, 1, 'LIBRE', 'RACK DLS Y DIFUSORES => DIF 27'),
(84, 9, 1, 4, 1, 'RADAR MONTE CRUDO 2', 'RACK DLS Y DIFUSORES => DIF 28'),
(85, 10, 1, 12, 1, 'NTP 1 IP => 172.33.45.170', 'NTP (SERVER / CLOCK)'),
(86, 10, 1, 12, 1, 'NTP 1 IP => 172.30.44.170', 'NTP (SERVER / CLOCK)'),
(87, 10, 1, 12, 1, 'NTP 2 IP => 172.31.44.170', 'NTP (SERVER / CLOCK)'),
(88, 10, 1, 12, 1, 'NTP 2 IP => 172.16.38.80', 'NTP (SERVER / CLOCK)'),
(89, 10, 1, 12, 1, 'NTP CLOCK 1 IP => 172.16.38.240', 'NTP (SERVER / CLOCK)'),
(90, 10, 1, 12, 1, 'NTP CLOCK 2 IP => 172.16.38.241', 'NTP (SERVER / CLOCK)'),
(91, 10, 1, 12, 1, 'NTP CLOCK 3 => 172.16.38.242', 'NTP (SERVER / CLOCK)'),
(92, 10, 1, 12, 1, 'NTP CLOCK 4 IP => 172.16.38.243', 'NTP (SERVER / CLOCK)'),
(93, 10, 1, 4, 1, 'RDCU SIM1', 'KVM AIRCON => RACK AIRCON LAN 1'),
(94, 10, 1, 4, 1, 'RDCU SIM2', 'KVM AIRCON => RACK AIRCON LAN 2'),
(95, 10, 1, 4, 1, 'RDCU 1', 'KVM AIRCON => RACK AIRCON LAN 1'),
(96, 10, 1, 4, 1, 'RDCU 2', 'KVM AIRCON => RACK AIRCON LAN 2'),
(97, 10, 1, 10, 1, 'FDP 1', 'KVM AIRCON => RACK AIRCON LAN 1'),
(98, 10, 1, 10, 1, 'FDP 2', 'KVM AIRCON => RACK AIRCON LAN 2'),
(99, 10, 1, 8, 1, 'DRF1', 'KVM AIRCON => RACK AIRCON LAN 1'),
(100, 10, 1, 8, 1, 'DRF2', 'KVM AIRCON => RACK AIRCON LAN 2'),
(101, 10, 1, 3, 1, 'SDP1', 'KVM AIRCON => RACK AIRCON LAN 1'),
(102, 10, 1, 3, 1, 'SDP2', 'KVM AIRCON => RACK AIRCON LAN 2'),
(103, 10, 1, 5, 1, 'DLS1', 'KVM AIRCON => RACK AIRCON LAN 1'),
(104, 10, 1, 5, 1, 'DLS2', 'KVM AIRCON => RACK AIRCON LAN 2'),
(105, 16, 1, 1, 3, 'IMPRESORA IFV 1', 'SALA DE CONTROL '),
(106, 16, 1, 1, 3, 'IMPRESORA IFV 2', 'SALA DE CONTROL'),
(107, 16, 1, 1, 3, 'IMPRESORA IFV 3', 'SALA DE CONTROL '),
(108, 16, 1, 1, 3, 'IMPRESORA IFV 4', 'SALA DE CONTROL '),
(109, 16, 1, 1, 3, 'IMPRESORA IFV 5', 'SALA DE CONTROL'),
(110, 16, 1, 1, 3, 'IMPRESORA IFV RADIO', 'SALA DE CONTROL'),
(111, 16, 1, 1, 3, 'IMPRESORA CENAMER RADIO', 'SALA DE CONTROL'),
(112, 16, 1, 1, 3, 'IMPRESORA IFV 6', 'SALA DE CONTROL '),
(113, 16, 1, 1, 3, 'IMPRESORA IFV 7', 'SALA DE CONTROL '),
(114, 20, 1, 1, 3, 'IMPRESORA IFV 1', 'SALA DE CONTROL '),
(115, 20, 1, 1, 3, 'IMPRESORA IFV 2', 'SALA DE CONTROL'),
(116, 20, 1, 1, 3, 'IMPRESORA IFV 3', 'SALA DE CONTROL '),
(117, 20, 1, 1, 3, 'IMPRESORA IFV 4', 'SALA DE CONTROL'),
(118, 20, 1, 1, 3, 'IMPRESORA IFV 5', 'SALA DE CONTROL '),
(119, 20, 1, 1, 3, 'IMPRESORA IFV RADIO', 'SALA DE CONTROL'),
(120, 20, 1, 1, 3, 'IMPRESORA CENAMER RADIO', 'SALA DE CONTROL'),
(121, 20, 1, 1, 3, 'IMPRESORA IFV 6', 'SALA DE SIMULACIÓN'),
(122, 20, 1, 1, 3, 'IMPRESORA IFV 7', 'SALA DE SIMULACIÓN '),
(123, 17, 1, 10, 4, 'FDP 1', 'BACK UP SERVIDORES AIRCON 2100-M'),
(124, 17, 1, 10, 4, 'FDP 2', 'BACK UP SERVIDORES AIRCON 2100-M'),
(125, 17, 1, 11, 4, 'CMD 1', 'BACK UP SERVIDORES AIRCON 2100-M'),
(126, 17, 1, 11, 4, 'CMD 2', 'BACK UP SERVIDORES AIRCON 2100-M'),
(127, 17, 1, 5, 4, 'DLS 1', 'BACK UP SERVIDORES AIRCON 2100-M'),
(128, 17, 1, 5, 4, 'DLS 2', 'BACK UP SERVIDORES AIRCON 2100-M'),
(129, 18, 1, 11, 5, 'DLS', 'GERENCIA DE ESTACIÓN HONDURAS / MACC'),
(130, 18, 1, 11, 5, 'SDP NIC', 'GERENCIA DE ESTACIÓN HONDURAS / MACC'),
(131, 18, 1, 11, 5, 'SDP', 'GERENCIA DE ESTACIÓN HONDURAS / MACC'),
(132, 18, 1, 11, 5, 'SNET', 'GERENCIA DE ESTACIÓN HONDURAS / MACC'),
(133, 18, 1, 11, 5, 'FDP', 'GERENCIA DE ESTACIÓN HONDURAS / MACC'),
(134, 19, 1, 11, 5, 'MTCD', 'GERENCIA DE ESTACIÓN HONDURAS / MACC'),
(135, 19, 1, 11, 5, 'AMHS', 'GERENCIA DE ESTACIÓN HONDURAS / MACC'),
(136, 19, 1, 11, 5, 'MTDC RVSM', 'GERENCIA DE ESTACIÓN HONDURAS / MACC'),
(137, 19, 1, 9, 5, 'APW', 'GERENCIA DE ESTACIÓN HONDURAS / MACC'),
(138, 19, 1, 8, 5, 'OPERATIONAL FUNCTIONS', 'GERENCIA DE ESTACIÓN HONDURAS / MACC'),
(139, 21, 1, 1, 6, 'UCS-1', 'SALA DE EQUIPOS'),
(140, 21, 1, 1, 6, 'UCS-1 AIRCON', 'SALA DE EQUIPOS'),
(141, 21, 1, 1, 6, 'UCS-1 GAREX 300', 'SALA DE EQUIPOS'),
(142, 21, 1, 1, 6, 'UCS-1 WSACC', 'SALA DE EQUIPOS'),
(143, 21, 1, 1, 6, 'UCS-2', 'SALA DE EQUIPOS'),
(144, 21, 1, 1, 6, 'UCS-2 AIRCON', 'SALA DE EQUIPOS'),
(145, 21, 1, 1, 6, 'UCS-2 GAREX 300', 'SALA DE EQUIPOS'),
(146, 21, 1, 1, 6, 'UCS-2 WSACC', 'SALA DE EQUIPOS'),
(147, 21, 1, 1, 6, 'UCS-3', 'SALA DE EQUIPOS'),
(148, 21, 1, 1, 6, 'UCS-3 AIRCON', 'SALA DE EQUIPOS'),
(149, 21, 1, 1, 6, 'UCS-3 GAREX 300', 'SALA DE EQUIPOS'),
(150, 21, 1, 1, 6, 'UCS-3 WSACC', 'SALA DE EQUIPOS'),
(151, 21, 1, 1, 6, 'UCS-4', 'SALA DE EQUIPOS'),
(152, 21, 1, 1, 6, 'UCS-4 AIRCON', 'SALA DE EQUIPOS'),
(153, 21, 1, 1, 6, 'UCS-4 GAREX 300', 'SALA DE EQUIPOS'),
(154, 21, 1, 1, 6, 'UCS-4 WSACC', 'SALA DE EQUIPOS'),
(155, 21, 1, 1, 6, 'UCS-5', 'SALA DE EQUIPOS'),
(156, 21, 1, 1, 6, 'UCS-5 AIRCON', 'SALA DE EQUIPOS'),
(157, 21, 1, 1, 6, 'UCS-5 GAREX 300', 'SALA DE EQUIPOS'),
(158, 21, 1, 1, 6, 'UCS-5 WSACC', 'SALA DE EQUIPOS'),
(159, 21, 1, 1, 6, 'UCS-1 SIM', 'SALA DE EQUIPOS'),
(160, 21, 1, 1, 6, 'UCS-1 SIM AIRCON', 'SALA DE EQUIPOS'),
(161, 21, 1, 1, 6, 'UCS-1 SIM GAREX 300', 'SALA DE EQUIPOS'),
(162, 21, 1, 1, 6, 'UCS-1 SIM WSACC', 'SALA DE EQUIPOS'),
(163, 21, 1, 1, 6, 'UCS-2 SIM', 'SALA DE EQUIPOS'),
(164, 21, 1, 1, 6, 'UCS-2 SIM AIRCON', 'SALA DE EQUIPOS'),
(165, 21, 1, 1, 6, 'UCS-2 SIM GAREX 300', 'SALA DE EQUIPOS'),
(166, 21, 1, 1, 6, 'UCS-2 SIM WSACC', 'SALA DE EQUIPOS'),
(167, 21, 1, 7, 6, 'RACK', 'RACK/MESAS'),
(168, 21, 1, 7, 6, 'MESAS', 'RACK/MESAS'),
(169, 21, 1, 12, 6, 'EXT', 'RACK/MESAS'),
(170, 7, 1, 3, 7, 'WSACC POS 172.16.43.50', 'CENTRO DE CONTROL Y SIMULACION'),
(171, 7, 1, 3, 7, 'WSACC UCS1 172.16.43.51', 'CENTRO DE CONTROL Y SIMULACION'),
(172, 7, 1, 4, 7, 'WSACC UCS2 172.16.43.52', 'CENTRO DE CONTROL Y SIMULACION'),
(173, 7, 1, 4, 7, 'WSACC UCS3 172.16.43.53', 'CENTRO DE CONTROL Y SIMULACION'),
(174, 7, 1, 4, 7, 'WSACC UCS4 172.16.43.54', 'CENTRO DE CONTROL Y SIMULACION'),
(175, 7, 1, 4, 7, 'WSACC UCS5 172.16.43.55', 'CENTRO DE CONTROL Y SIMULACION'),
(176, 7, 1, 4, 7, 'WSACC UCS1 SIM 172.16.43.56', 'CENTRO DE CONTROL Y SIMULACION'),
(177, 7, 1, 4, 7, 'WSACC UCS2 SIM 172.16.43.57', 'CENTRO DE CONTROL Y SIMULACION'),
(178, 7, 1, 4, 7, 'AFT 172.16.43.58', 'CENTRO DE CONTROL Y SIMULACION'),
(179, 7, 1, 4, 7, 'WSACC SAR 172.16.43.59', 'CENTRO DE CONTROL Y SIMULACION'),
(180, 8, 1, 13, 8, 'AMH 1', 'ESTADO TABLAS MYSQL % DE ESPACIO USADO'),
(181, 8, 1, 13, 8, 'AMH 1', 'CHECK TIME'),
(182, 11, 1, 13, 8, 'AMH 1 => REVISION DE PARTICIONES DEL HD', 'GERENCIA DE ESTACIÓN HONDURAS / MACC'),
(183, 11, 1, 13, 8, 'AMH 1 => MEDIDAS DE OPERACION', 'GERENCIA DE ESTACIÓN HONDURAS / MACC'),
(184, 11, 1, 13, 8, 'AMH 1 => PROCESOS', 'GERENCIA DE ESTACIÓN HONDURAS / MACC'),
(185, 11, 1, 13, 8, 'AMH APP => REVISION DE PARTICIONES DEL HD', 'GERENCIA DE ESTACIÓN HONDURAS / MACC'),
(186, 11, 1, 13, 8, 'AMH APP => MEDIDAS DE OPERACION', 'GERENCIA DE ESTACIÓN HONDURAS / MACC'),
(187, 11, 1, 13, 8, 'AMH APP => PROCESOS', 'GERENCIA DE ESTACIÓN HONDURAS / MACC');

INSERT INTO `tbl_componente_final` (`ID_COMPONENTE`, `ID_EQUIPO`, `DESCRIPCION`) VALUES
(1, 1, 'ESTADO'),
(2, 1, 'LAN 1'),
(3, 1, 'LAN 2'),
(4, 2, 'ESTADO'),
(5, 2, 'LAN 1'),
(6, 2, 'LAN 2'),
(7, 4, 'ESTADO'),
(8, 4, 'LAN 1'),
(9, 4, 'LAN 2'),
(10, 5, 'ESTADO'),
(11, 5, 'LAN 1'),
(12, 5, 'LAN 2'),
(13, 7, 'ESTADO'),
(14, 7, 'LAN 1'),
(15, 7, 'LAN 2'),
(16, 8, 'ESTADO'),
(17, 8, 'LAN 1'),
(18, 8, 'LAN 2'),
(19, 10, 'ESTADO'),
(20, 10, 'LAN 1'),
(21, 10, 'LAN 2'),
(22, 11, 'ESTADO'),
(23, 11, 'LAN 1'),
(24, 11, 'LAN 2'),
(25, 13, 'ESTADO'),
(26, 13, 'LAN 1'),
(27, 13, 'LAN 2'),
(28, 14, 'ESTADO'),
(29, 14, 'LAN 1'),
(30, 14, 'LAN 2'),
(31, 16, 'ESTADO'),
(32, 16, 'LAN 1'),
(33, 16, 'LAN 2'),
(34, 17, 'ESTADO'),
(35, 17, 'LAN 1'),
(36, 17, 'LAN 2'),
(37, 18, 'ESTADO'),
(38, 18, 'LAN 1'),
(39, 18, 'LAN 2'),
(40, 19, 'ESTADO'),
(41, 19, 'LAN 1'),
(42, 19, 'LAN 2'),
(43, 20, 'ESTADO'),
(44, 20, 'LAN 1'),
(45, 20, 'LAN 2'),
(46, 21, 'ESTADO'),
(47, 21, 'LAN 1'),
(48, 21, 'LAN 2'),
(49, 22, 'ESTADO'),
(50, 22, 'LAN 1'),
(51, 22, 'LAN 2'),
(52, 23, 'LAN 1'),
(53, 23, 'LAN 2'),
(54, 24, 'LAN 1'),
(55, 24, 'LAN 2'),
(56, 25, 'LINE 1'),
(57, 25, 'LINE 2'),
(58, 27, 'LAN 1'),
(59, 27, 'LAN 2'),
(60, 28, 'LAN 1'),
(61, 28, 'LAN 2'),
(62, 30, 'LAN 1'),
(63, 30, 'LAN 2'),
(64, 31, 'LAN 1'),
(65, 31, 'LAN 2'),
(66, 32, 'LINE 1'),
(67, 32, 'LINE 2'),
(68, 34, 'LAN 1'),
(69, 34, 'LAN 2'),
(70, 35, 'LAN 1'),
(71, 35, 'LAN 2'),
(72, 37, 'ESTADO'),
(73, 33, 'LAN 1'),
(74, 37, 'LAN 2'),
(75, 38, 'ESTADO'),
(76, 38, 'LAN 1'),
(77, 38, 'LAN 2'),
(78, 39, 'ESTADO'),
(79, 39, 'LAN 1'),
(80, 39, 'LAN 2'),
(81, 41, 'LAN 1'),
(82, 41, 'LAN 2'),
(83, 42, 'LAN 1'),
(84, 42, 'LAN 2'),
(85, 44, 'ESTADO'),
(86, 44, 'LAN 1'),
(87, 44, 'LAN 2'),
(88, 44, 'CANTIDAD DE ARCHIVOS GRABADOS'),
(89, 44, 'PORCENTAJE DE GRABACION'),
(90, 45, 'ESTADO'),
(91, 45, 'LAN 1'),
(92, 45, 'LAN 2'),
(93, 45, 'CANTIDAD DE ARCHIVOS GRABADOS'),
(94, 45, 'PORCENTAJE DE GRABACION'),
(95, 48, 'AJUSTE'),
(96, 48, 'AZIMUTH'),
(97, 48, 'RANGE'),
(98, 52, 'AJUSTE'),
(99, 52, 'AZIMUTH'),
(100, 52, 'RANGE'),
(101, 56, 'AJUSTE'),
(102, 56, 'AZIMUTH'),
(103, 56, 'RANGE'),
(104, 58, 'LED DE POWER'),
(105, 58, 'LED DE RX(TD)'),
(106, 58, 'LED DE TX(RD)'),
(107, 58, 'LED DE RST'),
(108, 58, 'LED DE CTS'),
(109, 58, 'LED DE DSR'),
(110, 58, 'LED DE DCD'),
(111, 59, 'LED DE POWER'),
(112, 59, 'LED DE RX(TD)'),
(113, 59, 'LED DE TX(RD)'),
(114, 59, 'LED DE RST'),
(115, 59, 'LED DE CTS'),
(116, 59, 'LED DE DSR'),
(117, 59, 'LED DE DCD'),
(118, 60, 'LED DE POWER'),
(119, 60, 'LED DE RX(TD)'),
(120, 60, 'LED DE TX(RD)'),
(121, 60, 'LED DE RST'),
(122, 60, 'LED DE CTS'),
(123, 60, 'LED DE DSR'),
(124, 60, 'LED DE DCD'),
(125, 61, 'LED DE POWER'),
(126, 61, 'LED DE RX(TD)'),
(127, 61, 'LED DE TX(RD)'),
(128, 61, 'LED DE RST'),
(129, 61, 'LED DE CTS'),
(130, 61, 'LED DE DSR'),
(131, 61, 'LED DE DCD'),
(132, 62, 'LED DE POWER'),
(133, 62, 'LED DE RX(TD)'),
(134, 62, 'LED DE TX(RD)'),
(135, 62, 'LED DE RST'),
(136, 62, 'LED DE CTS'),
(137, 62, 'LED DE DSR'),
(138, 62, 'LED DE DCD'),
(139, 63, 'LED DE POWER '),
(140, 63, 'LED DE RX(TD)'),
(141, 63, 'LED DE TX(RD)'),
(142, 63, 'LED DE RST'),
(143, 63, 'LED DE CTS'),
(144, 63, 'LED DE DSR'),
(145, 63, 'LED DE DCD'),
(146, 64, 'LED DE POWER'),
(147, 64, 'LED DE RX(TD)'),
(148, 64, 'LED DE TX(RD)'),
(149, 64, 'LED DE RST'),
(150, 64, 'LED DE CTS'),
(151, 64, 'LED DE DSR'),
(152, 64, 'LED DE DCD'),
(153, 65, 'LED DE POWER'),
(154, 65, 'LED DE RX(TD)'),
(155, 65, 'LED DE TX(RD)'),
(156, 65, 'LED DE RST'),
(157, 65, 'LED DE CTS'),
(158, 65, 'LED DE DSR'),
(159, 65, 'LED DE DCD'),
(160, 66, 'LED DE POWER'),
(161, 66, 'LED DE RX(TD)'),
(162, 66, 'LED DE TX(RD)'),
(163, 66, 'LED DE RST'),
(164, 66, 'LED DE CTS'),
(165, 66, 'LED DE DSR'),
(166, 66, 'LED DE DCD'),
(167, 67, 'LED DE POWER'),
(168, 67, 'LED DE RX(TD)'),
(169, 67, 'LED DE TX(RD)'),
(170, 67, 'LED DE RST'),
(171, 67, 'LED DE CTS'),
(172, 67, 'LED DE DSR'),
(173, 67, 'LED DE DCD'),
(174, 68, 'LED DE POWER'),
(175, 68, 'LED DE RX(TD)'),
(176, 68, 'LED DE TX(RD)'),
(177, 68, 'LED DE RST'),
(178, 68, 'LED DE CTS'),
(179, 68, 'LED DE DSR'),
(180, 68, 'LED DE DCD'),
(181, 69, 'LED DE POWER'),
(182, 69, 'LED DE RX(TD)'),
(183, 69, 'LED DE TX(RD)'),
(184, 69, 'LED DE RST'),
(185, 69, 'LED DE CTS'),
(186, 69, 'LED DE DSR'),
(187, 69, 'LED DE DCD'),
(188, 70, 'LED DE POWER'),
(189, 70, 'LED DE RX(TD)'),
(190, 70, 'LED DE TX(RD)'),
(191, 70, 'LED DE RST'),
(192, 70, 'LED DE CTS'),
(193, 70, 'LED DE DSR'),
(194, 70, 'LED DE DCD'),
(195, 71, 'LED DE POWER'),
(196, 71, 'LED DE RX(TD)'),
(197, 71, 'LED DE TX(RD)'),
(198, 71, 'LED DE RST'),
(199, 71, 'LED DE CTS'),
(200, 71, 'LED DE DSR'),
(201, 71, 'LED DE DCD'),
(202, 72, 'LED DE POWER'),
(203, 72, 'LED DE RX(TD)'),
(204, 72, 'LED DE TX(RD)'),
(205, 72, 'LED DE RST'),
(206, 72, 'LED DE CTS'),
(207, 72, 'LED DE DSR'),
(208, 72, 'LED DE DCD'),
(209, 73, 'LED DE POWER'),
(210, 73, 'LED DE RX(TD)'),
(211, 73, 'LED DE TX(RD)'),
(212, 73, 'LED DE RST'),
(213, 73, 'LED DE CTS'),
(214, 73, 'LED DE DSR'),
(215, 73, 'LED DE DCD'),
(216, 74, 'LED DE POWER'),
(217, 74, 'LED DE RX(TD)'),
(218, 74, 'LED DE TX(RD)'),
(219, 74, 'LED DE RST'),
(220, 74, 'LED DE CTS'),
(221, 74, 'LED DE DSR'),
(222, 74, 'LED DE DCD'),
(223, 75, 'LED DE POWER'),
(224, 75, 'LED DE RX(TD)'),
(225, 75, 'LED DE TX(RD)'),
(226, 75, 'LED DE RST'),
(227, 75, 'LED DE CTS'),
(228, 75, 'LED DE DSR'),
(229, 75, 'LED DE DCD'),
(230, 76, 'LED DE POWER'),
(231, 76, 'LED DE RX(TD)'),
(232, 76, 'LED DE TX(RD)'),
(233, 76, 'LED DE RST'),
(234, 76, 'LED DE CTS'),
(235, 76, 'LED DE DSR'),
(236, 76, 'LED DE DCD'),
(237, 77, 'LED DE POWER'),
(238, 77, 'LED DE RX(TD)'),
(239, 77, 'LED DE TX(RD)'),
(240, 77, 'LED DE RST'),
(241, 77, 'LED DE CTS'),
(242, 77, 'LED DE DSR'),
(243, 77, 'LED DE DCD'),
(244, 78, 'LED DE POWER'),
(245, 78, 'LED DE RX(TD)'),
(246, 78, 'LED DE TX(RD)'),
(247, 78, 'LED DE RST'),
(248, 78, 'LED DE CTS'),
(249, 78, 'LED DE DSR'),
(250, 78, 'LED DE DCD'),
(251, 79, 'LED DE POWER'),
(252, 79, 'LED DE RX(TD)'),
(253, 79, 'LED DE TX(RD)'),
(254, 79, 'LED DE RST'),
(255, 79, 'LED DE CTS'),
(256, 79, 'LED DE DSR'),
(257, 79, 'LED DE DCD'),
(258, 80, 'LED DE POWER '),
(259, 80, 'LED DE RX(TD)'),
(260, 80, 'LED DE TX(RD)'),
(261, 80, 'LED DE RST'),
(262, 80, 'LED DE CTS'),
(263, 80, 'LED DE DSR'),
(264, 80, 'LED DE DCD'),
(265, 81, 'LED DE POWER'),
(266, 81, 'LED DE RX(TD)'),
(267, 81, 'LED DE TX(RD)'),
(268, 81, 'LED DE RST'),
(269, 81, 'LED DE CTS'),
(270, 81, 'LED DE DSR'),
(271, 81, 'LED DE DCD'),
(272, 82, 'LED DE POWER'),
(273, 82, 'LED DE RX(TD)'),
(274, 82, 'LED DE TX(RD)'),
(275, 82, 'LED DE RST'),
(276, 82, 'LED DE CTS'),
(277, 82, 'LED DE DSR'),
(278, 82, 'LED DE DCD'),
(279, 83, 'LED DE POWER'),
(280, 83, 'LED DE RX(TD)'),
(281, 83, 'LED DE TX(RD)'),
(282, 83, 'LED DE RST'),
(283, 83, 'LED DE CTS'),
(284, 83, 'LED DE DSR'),
(285, 83, 'LED DE DCD'),
(286, 84, 'LED DE POWER'),
(287, 84, 'LED DE RX(TD)'),
(288, 84, 'LED DE TX(RD)'),
(289, 84, 'LED DE RST'),
(290, 84, 'LED DE CTS'),
(291, 84, 'LED DE DSR'),
(292, 84, 'LED DE DCD'),
(293, 85, 'PING'),
(294, 85, 'RESPUESTA HTTP'),
(295, 85, 'VISUALIZACION DE RECEPCION DE SATELITES VIA HTTP EN PC DE GESTOR'),
(296, 86, 'PING'),
(297, 86, 'RESPUESTA HTTP'),
(298, 86, 'VISUALIZACION DE RECEPCION DE SATELITES VIA HTTP EN PC DE GESTOR'),
(299, 87, 'PING'),
(300, 87, 'RESPUESTA HTTP'),
(301, 87, 'VISUALIZACION DE RECEPCION DE SATELITES VIA HTTP EN PC DE GESTOR'),
(302, 88, 'PING'),
(303, 88, 'RESPUESTA HTTP'),
(304, 88, 'VISUALIZACION DE RECEPCION DE SATELITES VIA HTTP EN PC DE GESTOR'),
(305, 89, 'PING'),
(306, 89, 'RESPUESTA HTTP'),
(307, 89, 'VISUALIZACION DE RECEPCION VIA HTTP EN PC DE GESTOR'),
(308, 90, 'PING'),
(309, 90, 'RESPUESTA HTTP'),
(310, 90, 'VISUALIZACION DE RECEPCION VIA HTTP EN PC DE GESTOR'),
(311, 91, 'PING'),
(312, 91, 'RESPUESTA HTTP'),
(313, 91, 'VISUALIZACION DE RECEPCION DE SATELITES VIA HTTP EN PC DE GESTOR'),
(314, 92, 'PING'),
(315, 92, 'RESPUESTA HTTP'),
(316, 92, 'VISUALIZACION DE RECEPCION DE SATELITES VIA HTTP EN PC DE GESTOR'),
(317, 93, 'VERIFICACION CONEXION'),
(318, 93, 'CURSOR Y TECLADO'),
(319, 94, 'VERIFICACION Y CONEXION'),
(320, 94, 'CURSOR Y TECLADO'),
(321, 95, 'VERIFICACION Y CONEXION '),
(322, 95, 'CURSOR Y TECLADO'),
(323, 96, 'VERIFICACION Y CONEXION '),
(324, 96, 'CURSOR Y TECLADO'),
(325, 97, 'VERIFICACION Y CONEXION'),
(326, 97, 'CURSOR Y TECLADO'),
(327, 98, 'VERIFICACION Y CONEXION '),
(328, 98, 'CURSOR Y TECLADO'),
(329, 99, 'VERIFICACION Y CONEXION'),
(330, 99, 'CURSOR Y TECLADO'),
(331, 100, 'VERIFICACION Y CONEXION'),
(332, 100, 'CURSOR Y TECLADO'),
(333, 101, 'VERIFICACION Y CONEXION'),
(334, 101, 'CURSOR Y TECLADO'),
(335, 102, 'VERIFICACION Y CONEXION'),
(336, 102, 'CURSOR Y TECLADO'),
(337, 103, 'VERIFICACION Y CONEXION'),
(338, 103, 'CURSOR Y TECLADO'),
(339, 104, 'VERIFICACION Y CONEXION'),
(340, 104, 'CURSOR Y TECLADO'),
(341, 105, 'CONTROL CALIDAD DE IMPRESIÓN (CABEZAL TÉRMICO)'),
(342, 105, 'CONECTIVIDAD Y EXISTENCIA FÍSICA'),
(343, 106, 'CONTROL CALIDAD DE IMPRESIÓN(CABEZAL TERMICO)'),
(344, 106, 'CONECTIVIDAD Y EXISTENCIA FÍSICA'),
(345, 107, 'CONTROL CALIDAD DE IMPRESIÓN(CABEZAL TÉRMICO)'),
(346, 107, 'CONECTIVIDAD Y EXISTENCIA FÍSICA '),
(347, 108, 'CONTROL CALIDAD DE IMPRESIÓN(CABEZAL TÉRMICO)'),
(348, 108, 'CONECTIVIDAD Y EXISTENCIA FÍSICA '),
(349, 109, 'CONTROL CALIDAD DE IMPRESIÓN (CABEZAL TERMICO)'),
(350, 109, 'CONECTIVIDAD Y EXISTENCIA FÍSICA '),
(351, 110, 'CONTROL CALIDAD DE IMPRESIÓN (CABEZAL TERMICO)'),
(352, 110, 'CONECTIVIDAD Y EXISTENCIA FÍSICA '),
(353, 111, 'ESTADO DE LA TINTA'),
(354, 111, 'CONECTIVIDAD Y EXISTENCIA FÍSICA '),
(355, 112, 'CONTROL CALIDAD DE IMPRESIÓN (CABEZAL TÉRMICO)'),
(356, 112, 'CONECTIVIDAD Y EXISTENCIA FÍSICA '),
(357, 113, 'CONTROL CALIDAD DE IMPRESIÓN (CABEZAL TÉRMICO)'),
(358, 113, 'CONECTIVIDAD Y EXISTENCIA FÍSICA '),
(359, 114, 'CONTROL CALIDAD DE IMPRESIÓN (CABEZAL TÉRMICO)'),
(360, 114, 'CONECTIVIDAD Y EXISTENCIA FÍSICA'),
(361, 115, 'CONTROL CALIDAD DE IMPRESIÓN (CABEZAL TÉRMICO)'),
(362, 115, 'CONECTIVIDAD Y EXISTENCIA FÍSICA'),
(363, 116, 'CONTROL CALIDAD DE IMPRESIÓN (CABEZAL TÉRMICO)'),
(364, 116, 'CONECTIVIDAD Y EXISTENCIA FÍSICA '),
(365, 117, 'CONTROL CALIDAD DE IMPRESIÓN (CABEZAL TÉRMICO)'),
(366, 117, 'CONECTIVIDAD Y EXISTENCIA FÍSICA'),
(367, 118, 'CONTROL CALIDAD DE IMPRESIÓN (CABEZAL TÉRMICO)'),
(368, 118, 'CONECTIVIDAD Y EXISTENCIA FÍSICA'),
(369, 119, 'CONTROL CALIDAD DE IMPRESIÓN (CABEZAL TÉRMICO)'),
(370, 119, 'CONECTIVIDAD Y EXISTENCIA FÍSICA '),
(371, 120, 'ESTADO DE LA TINTA'),
(372, 120, 'CONECTIVIDAD Y EXISTENCIA FÍSICA '),
(373, 121, 'CONTROL CALIDAD DE IMPRESIÓN (CABEZAL TÉRMICO)'),
(374, 121, 'CONECTIVIDAD Y EXISTENCIA FÍSICA'),
(375, 122, 'CONTROL CALIDAD DE IMPRESIÓN (CABEZAL TÉRMICO)'),
(376, 122, 'CONECTIVIDAD Y EXISTENCIA FÍSICA '),
(377, 123, 'RECORD'),
(378, 123, 'HISTORICAL'),
(379, 123, 'AFTNS/SENT'),
(380, 123, 'AFTNS/RECV'),
(381, 124, 'RECORD'),
(382, 124, 'HISTORICAL'),
(383, 124, 'AFTNS/SENT'),
(384, 124, 'AFTNS/RECV'),
(385, 125, 'USER'),
(386, 125, 'HISTORY'),
(387, 126, 'USER '),
(388, 126, 'HISTORY'),
(389, 127, 'RECORDING'),
(390, 128, 'RECORDING'),
(391, 129, 'ADS CONTRACT MODIFICATION STATUS'),
(392, 129, 'DEFAULT INITIAL ADS CONTRACT STATUS'),
(393, 129, 'AUTO. CPDLC MSGS GENERATION STATUS'),
(394, 130, 'DISCREPANCE DISTANCE'),
(395, 130, 'PRESENT. TIME OF ALARM BY FOM DECREM'),
(396, 131, 'WEATHER CYCLE'),
(397, 131, 'SCANS CHANGE SRR TO PSR TRACK (MON/BYPASS MODE)'),
(398, 131, 'SCANS CHANGE VALID TO INVALID CODE (MON/BYPASS MODE)'),
(399, 131, 'MINIMUN ALTITUDE INITIATION SSR TRACKS'),
(400, 131, 'MINIMUN SPEED INITIATION TRACK REQUIRED '),
(401, 131, 'MAXIMUN SPEED INITIATION TRACK REQUIRED'),
(402, 131, 'CYCLE PSR INITIATION TRACK REQUIRED'),
(403, 131, 'TIME PSR INITIATION TRACK REQUIRED'),
(404, 131, 'DISTANCE PSR INITIATION TRACK REQUIRED'),
(405, 132, 'CONFORMANCE ALTITUDE THRESHOLD'),
(406, 133, 'DEPARTURE FP NOTIFICATION TIME (EOBT-VALUE)'),
(407, 133, 'NON ACTIVE FP TERMINATION TIME (EXIT TIME + VALUE)'),
(408, 133, 'ACTIVE OUTBOUND FP TERMINATION TIME'),
(409, 133, 'ACTIVE ARRIBAL FP TERMINATION TIME (ETA + VALUE)'),
(410, 133, 'MINIMAL FP TERMINATION TIME'),
(411, 133, 'HOLDING FP TERMINATION TIME (HOLD TIME-VALUE)'),
(412, 133, 'TERMINATED FP DELETION TIME (TERMINAL TIME + VALUE)'),
(413, 133, 'FP LIST REMOVAL TIME (SECTOR EXIT TIME + VALUE)'),
(414, 133, 'SFPL CREATION TIME FROM AN RPL (FIRTIME - VALUE)'),
(415, 133, 'TIME BEFORE NOTIFICATION TIME TO DISPLAY IN CLD (PENDING)'),
(416, 133, 'FP LIST PRESENTATION TIME (SECTOR ENTRY TIME TIME -VALUE)'),
(417, 133, 'LEVEL CORDINATION TIME (ENTRY TIME -VALUE)'),
(418, 133, 'ARRIVAL TOWER NO VOLUME LIST PRESENTATION TIME (ETA - VALUE)'),
(419, 133, 'DEPARTURE TOWER NO VOLUME LIST DELETION TIME (ATD + VALUE)'),
(420, 133, 'NEXT POSITION REPORT ALERT TIME (NEXT ETO + VALUE)'),
(421, 133, 'FREQUENCY REMINDER TIME (SECTOR ENTRY TIME - VALUE)'),
(422, 133, 'DEVIATION TIME FOR STRIP REPRINT (PREVIOUS PRINTED ETO +- VALUE)'),
(423, 133, 'ENABLE PREWARNING STRIPS'),
(424, 133, 'ENABLE PROGRESSION STRIPS'),
(425, 133, 'AUTOPRINT FP LISTS'),
(426, 133, 'ENABLE SECTOR STRIPS '),
(427, 133, 'PASS RLP TO FP'),
(428, 133, 'ENABLE RAW ALERTS'),
(429, 133, 'FPL AUTOMATIC PROCESSING'),
(430, 133, 'CPL AUTOMATIC PROCESSING'),
(431, 133, 'DEP AUTOMATIC PROCESSING'),
(432, 133, 'DLA AUTOMATIC PROCESSING'),
(433, 133, 'ARR AUTOMATIC PROCESSING'),
(434, 133, 'CHG AUTOMATIC PROCESSING'),
(435, 133, 'EST AUTOMATIC PROCESSING'),
(436, 133, 'CNL AUTOMATIC PROCESSING'),
(437, 133, 'POS AUTOMATIC PROCESSING'),
(438, 133, 'APL AUTOMATIC PROCESSING'),
(439, 133, 'ACN AUTOMATIC PROCESSING'),
(440, 134, 'LEVEL 1 (H1)'),
(441, 134, 'LEVEL 2 (H2)'),
(442, 134, 'STANDARD VERTICAL SEPARATION TO H1'),
(443, 134, 'STANDARD VERTICAL SEPARATION H1 TO H2'),
(444, 134, 'STANDARD VERTICAL SEPARATION FROM H2'),
(445, 134, 'LONGITUDINAL SEPARATION FOR DEP OR ARR PHASE'),
(446, 134, 'LONGITUDINAL SEPARATION FOR CRUISING PHASE'),
(447, 134, 'LATERAL SEPARATION FOR DEP OR ARR PHASE'),
(448, 134, 'LATERAL SEPARATION FOR CRUISING PHASE'),
(449, 135, 'DELETE AFTER READ'),
(450, 135, 'DELETE AFTER SEND'),
(451, 135, 'ERASE SUC'),
(452, 136, 'RVSM STANDAR VERTICAL SEPARATION'),
(453, 137, 'MIN ALTITUDE'),
(454, 137, 'MAX ALTITUDE'),
(455, 137, 'ALARM TIMEOUT'),
(456, 138, 'MSAW'),
(457, 138, 'STCA'),
(458, 138, 'MTCD'),
(459, 138, 'NIC'),
(460, 138, 'APW'),
(461, 138, 'AUTO. PSR TRACK INITIATION (SDP)'),
(462, 138, 'AUTO. SYNTHETIC TRACK CREATION'),
(463, 138, 'RADAR DYNAMIC ADJUSTMENT (SDP)'),
(464, 139, 'LUCES => LED PCE'),
(465, 139, 'LUCES => LED PCP'),
(466, 139, 'LUCES => INTERNAS'),
(467, 139, 'INTERNO => TRACTORA'),
(468, 139, 'INTERNO => CONTADOR TIRAS'),
(469, 140, 'CPU => EXTERIOR'),
(470, 140, 'TECLADO => EXTERIOR'),
(471, 140, 'UCS => EXT/INT'),
(472, 167, 'SUP TECNICA RED => A2100'),
(473, 167, 'RADIO/SAR RED => A2100'),
(474, 167, 'SIMULACION RED => A2100'),
(475, 167, 'RACK AIRCON-1 RED => A2100'),
(476, 167, 'RACK AIRCON-2 RED => A2100'),
(477, 167, 'SDCS RED => A2100'),
(478, 167, 'DIFUSORES RED => A2100'),
(479, 167, 'ATFM RED => A2100'),
(480, 167, 'SEGMENTACION RED => AERONAUTICA'),
(481, 167, 'AIS/ETMS RED => AERONAUTICA'),
(482, 167, 'AMHS RED => AERONAUTICA'),
(483, 168, 'SUP TECNICA RED => A2100'),
(484, 168, 'SUP OPE RED => A2100'),
(485, 168, 'SDD12/DBM RED => A2100'),
(486, 168, 'RADIO RED => A2100'),
(487, 168, 'SAR RED => A2100'),
(488, 168, 'ATG/DBM SIM RED => A2100'),
(489, 168, 'PILOTOS SIM RED => A2100'),
(490, 169, 'TNT/APP RED => A2100 LMS'),
(491, 169, 'TNT/TORRE RED => A2100 LMS'),
(492, 170, 'IP ASIGNADA'),
(493, 170, 'CHEQUEO DE CONECTIVIDAD'),
(494, 170, 'CALIBRACION DE PANTALLA TOUCH'),
(495, 170, 'LIMPIEZA DE PANTALLA'),
(496, 170, 'REVISION ESTADO DE LOS EQUIPOS Y CONEXIONES'),
(497, 171, 'IP ASIGNADA'),
(498, 171, 'QUE LA PANTALLA ESTE EN MODO KIOSCO'),
(499, 171, 'CHEQUEO DE CONECTIVIDAD'),
(500, 171, 'CALIBRACION DE PANTALLA TOUCH'),
(501, 171, 'LIMPIEZA DE PANTALLA'),
(502, 171, 'REVISION ESTADO DE LOS EQUIPOS Y CONEXIONES'),
(503, 172, 'IP ASIGNADA'),
(504, 172, 'QUE LA PANTALLA ESTE EN MODO KIOSCO'),
(505, 172, 'CHEQUEO DE CONECTIVIDAD'),
(506, 172, 'CALIBRACION DE PANTALLA TOUCH'),
(507, 172, 'LIMPIEZA DE PANTALLA'),
(508, 172, 'REVISION ESTADO DE LOS EQUIPOS Y CONEXIONES'),
(509, 173, 'IP ASIGNADA'),
(510, 173, 'QUE LA PANTALLA ESTE EN MODO KIOSCO'),
(511, 173, 'CHEQUEO DE CONECTIVIDAD'),
(512, 173, 'CALIBRACION DE PANTALLA TOUCH'),
(513, 173, 'LIMPIEZA DE PANTALLA'),
(514, 172, 'REVISION ESTADO DE LOS EQUIPOS Y CONEXIONES'),
(515, 174, 'IP ASIGNADA'),
(516, 174, 'QUE LA PANTALLA ESTE EN MODO KIOSCO'),
(517, 174, 'CHEQUEO DE CONECTIVIDAD'),
(518, 174, 'CALIBRACION DE PANTALLA TOUCH'),
(519, 174, 'LIMPIEZA DE PANTALLA'),
(520, 174, 'REVISION ESTADO DE LOS EQUIPOS Y CONEXIONES'),
(521, 175, 'IP ASIGNADA'),
(522, 175, 'QUE LA PANTALLA ESTE EN MODO KIOSCO'),
(523, 175, 'CHEQUEO DE CONECTIVIDAD'),
(524, 175, 'CALIBRACION DE PANTALLA TOUCH'),
(525, 175, 'LIMPIEZA DE PANTALLA'),
(526, 175, 'REVISION ESTADO DE LOS EQUIPOS Y CONEXIONES'),
(527, 176, 'IP ASIGNADA'),
(528, 176, 'CHEQUEO DE CONECTIVIDAD'),
(529, 176, 'CALIBRACION DE PANTALLA TOUCH'),
(530, 176, 'LIMPIEZA DE PANTALLA'),
(531, 176, 'REVISION ESTADO DE LOS EQUIPOS Y CONEXIONES'),
(532, 177, 'IP ASIGNADA'),
(533, 177, 'CHEQUEO DE CONECTIVIDAD'),
(534, 177, 'CALIBRACION DE PANTALLA TOUCH'),
(535, 177, 'LIMPIEZA DE PANTALLA'),
(536, 177, 'REVISION ESTADO DE LOS EQUIPOS Y CONEXIONES'),
(537, 178, 'IP ASIGNADA'),
(538, 178, 'CHEQUEO DE CONECTIVIDAD'),
(539, 178, 'CALIBRACION DE PANTALLA TOUCH'),
(540, 178, 'LIMPIEZA DE PANTALLA'),
(541, 178, 'REVISION ESTADO DE LOS EQUIPOS Y CONEXIONES'),
(542, 179, 'IP ASIGNADA'),
(543, 179, 'CHEQUEO DE CONECTIVIDAD'),
(544, 179, 'CALIBRACION DE PANTALLA TOUCH'),
(545, 179, 'LIMPIEZA DE PANTALLA'),
(546, 179, 'REVISION ESTADO DE LOS EQUIPOS Y CONEXIONES'),
(547, 180, 'TABLA AFTN TRAFICO'),
(548, 180, 'TABLA AFTN MSGENVIADOS'),
(549, 180, 'TABLA AFTN MSG RECIBIDOS'),
(550, 180, 'TABLA AFTN HISTMSGENVIADOS'),
(551, 180, 'TABLA AFTN HISTMSGRECIBIDOS'),
(552, 180, 'LOGEVENTOS'),
(553, 181, 'TABLA AFTN TRAFICO'),
(554, 181, 'TABLA AFTN MSGENVIADOS'),
(555, 181, 'TABLA AFTN MSGRECIBIDOS'),
(556, 181, 'TABLA AFTN HISTMSGENVIADOS'),
(557, 181, 'TABLA AFTN HISTMSGRECIBIDOS'),
(558, 181, 'LOGEVENTOS'),
(559, 182, 'MEMORIA LIBRE'),
(560, 182, 'PARTICION / USADO'),
(561, 182, 'PARTICION / BOOT USADO'),
(562, 182, 'PARTICION / VAR USADO'),
(563, 182, 'PARTICION / HOME USADO'),
(564, 183, 'TIEMPO DE SERVIDOR FUNCIONANDO '),
(565, 183, 'TIEMPO PROCESO MYC_AGENTE'),
(566, 183, 'TIEMPO PROCESO MYC_COM'),
(567, 183, 'TIEMPO PROCESO ENRUTADOR'),
(568, 183, 'TIEMPO PROCESO COMUNICACIONES DEL CANAL HACIA TGU'),
(569, 184, 'NUMERO PROCESO MYC_AGENTE'),
(570, 184, 'NUMERO PROCESO MYC_COM'),
(571, 184, 'NUMERO DE PROCESO ENRUTADOR'),
(572, 184, 'NUMERO DE PROCESO DE COMUNICACIONES DEL CANAL HACIA TGU'),
(573, 184, 'PING AMH1, AMH2, AMH-APP'),
(574, 185, 'MEMORIA LIBRE'),
(575, 185, 'PARTICION / USADO'),
(576, 185, 'PARTICION / BOOT USADO'),
(577, 185, 'PARTICION / VAR USADO'),
(578, 185, 'PARTICION / HOME USADO'),
(579, 186, 'TIEMPO DE SERVIDOR FUNCIONANDO '),
(580, 186, 'TIEMPO PROCESO MYC_AGENTE'),
(581, 186, 'TIEMPO PROCESO MYC_COM'),
(582, 186, 'TIEMPO PROCESO ENRUTADOR'),
(583, 186, 'TIEMPO PROCESO COMUNICACIONES DEL CANAL HACIA TGU'),
(584, 187, 'NUMERO PROCESO MYC_AGENTE'),
(585, 187, 'NUMERO PROCESO MYC_COM'),
(586, 187, 'NUMERO DE PROCESO ENRUTADOR'),
(587, 187, 'NUMERO DE PROCESO DE COMUNICACIONES DEL CANAL HACIA TGU'),
(588, 187, 'PING AMH1, AMH2, AMH-APP');

INSERT INTO `tbl_booleanos` (`SUBTIPO_VALOR_BOOLEANO`,`VALOR_CADENA`) VALUES
('1 - 1', 'OK'),
('1 - 2', 'NOK'),
('3 - 1', 'BLANCO'),
('3 - 2', 'NEGRO');

INSERT INTO `tbl_listas` (`SUBTIPO_VALOR_LISTA`,`VALOR_CADENA`) VALUES
('1 - 1', 'VERDE OSCURO'),
('1 - 2 ', 'VERDE CLARO'),
('1 - 3', 'ROJO'),
('1 - 4', 'MORADO'),
('1 - 5', 'BLANCO'),
('1 - 6', 'AZUL'),
('1 - 7', 'AMARILLO'),
('1 - 8', 'NEGRO'),
('1 - 9', 'GRIS'),
('2 - 1', 'BAJO'),
('2 - 2', 'MEDIO'),
('2 - 3', 'ALTO'),
('3 - 1', 'ON'),
('3 - 2', 'OFF'),
('3 - 3', 'BLK');

INSERT INTO `tbl_enteros_flotantes` (`SUBTIPO_VALOR_NUMERO`,`VALOR_MINIMO`, `VALOR_MAXIMO`) VALUES
(1, 12, 15),
(2, 120, 150),
(3, 200, 250),
(4, 250, 300),
(5, 300, 350),
(6, 350, 400),
(7, 400, 450),
(8, 450, 500);

INSERT INTO `tbl_master` (`ID_DATO_INSERTADO`, `ID_EQUIPO`, `ID_COMPONENTE_FINAL`, `ID_EMPLEADO`, `FECHA_AUTOMATICA`, `SUBTIPO_VALOR_BOOLEANO`, `SUBTIPO_VALOR_LISTA`, `SUBTIPO_VALOR_NUMERO`, `DATO_NUMERICO_OBTENIDO`) VALUES
(1, 1, 1, 1, '2019-11-14 16:43:44', NULL, '1 - 1', NULL, NULL),
(2, 1, 2, 1, '2019-11-14 16:43:44', NULL, '1 - 8', NULL, NULL),
(3, 1, 3, 1, '2019-11-14 16:44:24', NULL, '1 - 9', NULL, NULL),
(4, 2, 4, 1, '2019-11-14 16:46:17', NULL, '1 - 1', NULL, NULL),
(5, 2, 5, 1, '2019-11-14 16:46:17', NULL, '1 - 8', NULL, NULL),
(6, 2, 6, 1, '2019-11-14 16:47:21', NULL, '1 - 9', NULL, NULL),
(7, 3, NULL, 1, '2019-11-14 16:48:46', NULL, '1 - 1', NULL, NULL),
(8, 4, 7, 1, '2019-11-14 16:50:31', NULL, '1 - 1', NULL, NULL),
(9, 4, 8, 1, '2019-11-14 16:50:31', NULL, '1 - 8', NULL, NULL),
(10, 4, 9, 1, '2019-11-14 16:51:06', NULL, '1 - 1', NULL, NULL),
(11, 5, 10, 1, '2019-11-14 16:53:38', NULL, '1 - 1', NULL, NULL),
(12, 5, 11, 1, '2019-11-14 16:53:38', NULL, '1 - 8', NULL, NULL),
(13, 5, 12, 1, '2019-11-14 16:54:35', NULL, '1 - 9', NULL, NULL);
