INSERT INTO `tbl_cargos` (`ID_CARGO`, `NOMBRE_CARGO`) VALUES
(1, 'DIRECTOR EJECUTIVO'),
(2, 'DIRECTOR DE OPERACIONES'),
(3, 'DIRECTOR COMERCIAL - CSO'),
(4, 'DIRECTOR DE MARKETING'),
(5, 'DIRECTOR DE RECURSOS HUMANOS'),
(6, 'CUSTOMER SUCCESS (CS)'),
(7, 'DIRECTOR FINANCIERO'),
(8, 'TECNICO DE MANTENIMIENTO'),
(9, 'PRACTICANTE INGENIERO DE SOFTWARE');

INSERT INTO `tbl_paises` (`ID_PAIS`, `PAIS`) VALUES
(52, 'MÉXICO '),
(501, 'BELICE'),
(502, 'GUATEMALA'),
(503, 'EL SALVADOR '),
(504, 'HONDURAS'),
(505, 'NICARAGUA'),
(506, 'COSTA RICA'),
(1345, 'GRAN CAIMÁN');

INSERT INTO `tbl_ciudades` (`ID_CIUDAD`, `ID_PAIS`, `NOMBRE_CIUDAD`) VALUES
(1, 504, 'TEGUCIGALPA'),
(2, 504, 'SAN PEDRO SULA'),
(3, 504, 'TRUJILLO'),
(4, 504, 'LA CEIBA'),
(5, 504, 'ROATAN '),
(6, 504, 'COMAYAGUA'),
(7, 504, 'CIUDAD DESCONOCIDA HONDURAS'),
(8, 503, 'SAN SALVADOR'),
(9, 503, 'SAN LUIS TALPA'),
(10, 503, 'CHINAMECA'),
(11, 502, 'CIUDAD DE GUATEMALA'),
(12, 502, 'VILLA CANALES'),
(13, 502, 'JUTIAPA'),
(14, 502, 'FLORES'),
(15, 501, 'BELICE'),
(16, 501, 'CAYO'),
(17, 505, 'MANAGUA'),
(18, 505, 'PUERTO CABEZAS'),
(19, 505, 'BLUE FIELD'),
(20, 505, 'TOLA'),
(21, 505, 'CHINANDEGA'),
(22, 506, 'GUANACASTE'),
(23, 506, 'TARRAZU '),
(24, 506, 'LIBERIA '),
(25, 506, 'ALAJUELA'),
(26, 506, 'SAN JOSE '),
(27, 1345, 'GEORGE TOWN'),
 (28, 52, 'MERIDA'),
(29, 52, 'CIUDAD DESCONOCIDA MEXICO');

INSERT INTO `tbl_sitios` (`ID_SITIO`, `ID_CIUDAD`, `NOMBRE_SITIO`, `TRILITERAL`) VALUES
(1, 1, 'SEDE', 'CEN'),   
(2, 2, 'LA MESA', 'LLL'),  
(3, 5, 'ROATAN', 'RRR'),   
(4, 8, 'ILOPANGO', 'ILO'),
(5, 8, 'PACAYAL', 'PCY'),
(6, 9, 'COMALAPA', 'SAL'),   
(7, 11, 'AURORA', 'AUR'),    
(8, 14, 'TIKAL', 'TKL'),     
(9, 15, 'BELICE', 'BZE'),     
(10, 17, 'MANAGUA', 'MNG'),  
(11, 22, 'EL COCO', 'OCO'),   
(12, 26, 'CERRO BUENA VISTA', 'CBV'), 
(13, 28, 'MERIDA', 'MID'),      
(14, 29, 'VOLCÁN POAS', 'POA');  

INSERT INTO `tbl_localidades` (`ID_LOCALIDAD`,`ID_PAIS`,`ID_SITIO`, `NOMBRE_LOCALIDAD`, `TRILITERAL`) VALUES
(1,504,1, 'CERRO MONTE CRUDO', 'CMC'),
(2, 504, 1, 'SEDE_CYN', 'C Y N'),
(3, 504, 1, 'EL HORNO', 'EHR'),
(4,504, 1, 'DIXON HILL', 'DIX'),
(5,504, 1, 'TONCONTIN', 'NNN'),
(6, 504, 1, 'TNT TORRE', 'TNT TORRE'),
(7, 504,1 ,'AGENCIA HONDUREÑA AERONÁUTICA', 'AHA'),
(8, 504,1, 'SAUCE VOR/DME', 'SAUCE VOR/DME'),
(9, 504, 1, 'ROA AEROPUERTO', 'ROA AEROPUERTO'),
(10, 504, 1, 'ROA TORRE', 'ROA TORRE'),
(11, 504, 1, 'ROA VOR/DME', 'ROA VOR/DME'),
(12, 504,1,  'TNT AEROPUERTO', 'TNT AEROPUERTO'),
(13, 504,1,  'COFAH', 'COFAH'),
(14,504, 1, 'SOTO', 'SOTO'),
(15,504, 1, 'CERRO DE HULA', 'CDH'),
(16,504,1, 'PEDREGAL HF', 'PED'),
(17, 505, 1, 'CERRO LAS CASITAS', 'LCA'),
(18, 504,2, 'LAS CRUCES', 'LCR'),
(19, 504, 2, 'CALENTURA', 'CAL'),
(20,504, 2, 'LA CEIBA', 'CCC'),
(21, 504, 2, 'LCE AEROPUERTO','LCE AEROPUERTO'),
(22, 504, 2, 'LCE TORRE', 'LCE TORRE'),
(23, 504, 2, 'LMS LOCALIZADORES PISTA' ,'LMS LOCALIZADORES PISTA'),
(24, 504, 2, 'LMS TORRE','LMS TORRE'),
(25, 504, 2, 'LMS CENTRO DE CONTROL','LMS CENTRO DE CONTROL'),
(26, 504, 2, 'LMS AEROPUERTO', 'LMS AEROPUERTO'),
(27, 504 ,2 ,'LMS VOR/DME PISTA', 'LMS VOR/DME PISTA'),
(28, 504, 2, 'LMS GLIDE/SLOPE PISTA', 'LMS GLIDE/SLOPE PISTA'),
(29, 504, 2, 'LCE VOR/DME PISTA' , 'LCE VOR/DME PISTA'),
(30, 504, 2, 'LCE NBD/DME', 'LCE NBD/DME'),
(31, 503, 4, 'PACAYAL', 'PCY'),
(32, 503, 4, 'BOQUERON', 'BOQ'),
(33, 502, 7, 'SANTA ELENA DE BARILLA', 'SEL'),
(34, 502, 7, 'CERRO SANTIAGO', 'CSA'),
(35, 502, 7, 'NIKTUN', 'NIK'),
(36, 501, 9, 'BALDY BEACON', 'BYB'),
(37, 505, 10, 'LAS NUBES', 'LNB'),
(38, 505, 10, 'PUERTO CABEZAS', 'PZA'),
(39, 505, 10, 'BLUE FIELD', 'BLU'),
(40, 505, 10, 'CORN ISLAND', 'CRN'),
(41, 505, 10, 'CERRO LA CUESTA', 'CLC'),
(42, 506, 11, 'CERRO BRUJO', 'BRU'),
(43, 506, 11, 'MATA DE CAÑA', 'MAT'),
(44, 506, 11, 'LIBERIA', 'LIB' );

INSERT INTO `tbl_unidades` (`ID_UNIDAD`,`ID_SITIO`, `NOMBRE_UNIDAD`) VALUES
(1,1, 'AUTOMATIZACIÓN '),
(2,1, 'ENERGÍA Y EQUIPOS AUXILIARES '),
(3,1, 'MACC');
(4,2, 'COMUNICACIÓN Y RADIO AYUDA'),
(5,2, 'VIGILANCIA Y RADAR'),


INSERT INTO `tbl_empleados` (`ID_EMPLEADO`, `ID_UNIDAD`, `ID_CARGO`, `NOMBRE`, `CORREO`, `USUARIO`, `CONTRASENA`, `ACCESO`) VALUES
(1, 1, 8, 'Louie Liam Leannon Moen', 'louieliam@gmail.com', 'luilieliam1', 'asd.123', 1),
(2, 1, 8, 'Darrin Hank Becker Welch', 'darrinhank@hotmail.com', 'darrinhank2', 'asd.123', 1),
(3, 5, 8, 'Brett Jaeden Rempel Hermiston', 'brettjaedenr@gmail.com', 'brettjaeden3', 'asd.123', 1),
(4, 5, 8, 'Christ Gilbert Kunde Hoppe', 'christgilbertk@hotmail.com', 'christgilbert4', 'asd.123', 1),
(5, 5, 8, 'Russ Moises Osinski Rippin', 'russmoises@hotmail.com', 'russmoises5', 'asd.123', 1);

INSERT INTO `tbl_sistemas` (`ID_SISTEMA`, `ID_UNIDAD`, `NOMBRE_SISTEMA`) VALUES
(1, 2, 'PLANTA PBX TELEFÓNICA '),
(2, 2, 'VSAT '),
(3, 2, 'VOR/DME'),
(4, 3, 'UPS APC SYNMETRA'),
(5, 3, 'UPS'),
(6, 2, 'TX HF'),
(7, 3, 'TRANSFORMADOR DE ENTRADA ENEE'),
(8, 3, 'TRANSFER'),
(9, 3, 'TANQUE DE COMBUSTIBLE'),
(10, 3, 'SISTEMA DE TIERRA Y PROTECCIÓN'),
(11, 3, 'SISTEMA CONTRA INCENDIOS ARIES'),
(12, 4, 'RADARES'),
(13, 1, 'AIRCON'),
(14, 1, 'AIRCON SIMULADOR');

INSERT INTO `tbl_formatos` (`ID_FORMATO`, `ID_SISTEMA`, `NOMBRE_FORMATO`) VALUES
(1, 13, 'DIARIO 1-1'),
(2, 13, 'DIARIO 1-2'),
(3, 13, 'DIARIO 1-3'),
(4, 13, 'DIARIO 1-4'),
(5, 13, 'DIARIO 1-5'),
(6, 13, 'DIARIO 1-6'),
(7, 13, 'SEMANAL 1'),
(8, 13, 'SEMANAL 3'),
(9, 13, 'SEMANAL 3-1'),
(10, 13, 'SEMANAL 3-2'),
(11, 13, 'MENSUAL 1-1'),
(12, 13, 'MENSUAL 1-2'),
(13, 13, 'MENSUAL 1-3'),
(14, 13, 'MENSUAL 1-4'),
(15, 13, 'MENSUAL 4'),
(16, 13, 'MENSUAL 5-1'),
(17, 13, 'MENSUAL 6'),
(18, 13, 'MENSUAL 7-1'),
(19, 13, 'MENSUAL 7-2'),
(20, 13, 'TRIMESTRAL 5-2'),
(21, 13, 'TRIMESTRAL 8');

INSERT INTO `tbl_subsistemas` (`ID_SUBSISTEMA`, `ID_SISTEMA`, `NOMBRE_SUBSISTEMA`) VALUES
(1, 13, 'SDD'),
(2, 13, 'PDP'),
(3, 13, 'SDP'),
(4, 13, 'RDCU'),
(5, 13, 'DLS'),
(6, 13, 'DBM');

INSERT INTO `tbl_equipos` (`ID_EQUIPO`, `ID_SUBSISTEMA`, `NOMBRE_EQUIPO`, `UBICACION_FISICA`) VALUES
(1, 1, 'SDD1', 'UCS1'),
(2, 1,'SDD2', 'UCS1');

INSERT INTO `tbl_componente_final` (`ID_COMPONENTE`, `ID_EQUIPO`, `DESCRIPCION`) VALUES
(1, 1, 'LAN 1'),
(2, 1, 'LAN 2'),
(3, 1, 'ESTADO');

INSERT INTO `tbl_booleanos` (`SUBTIPO_VALOR_BOOLEANO`, `VALOR_CADENA`) VALUES
('1 - 1', 'OK'),
('1 - 2', 'NOK'),
('2 - 1', 'ON'),
('2 - 2', 'OFF'),
('2 - 3', 'BLK'),
('3 - 1', 'BLANCO'),
('3 - 2', 'NEGRO');

INSERT INTO `tbl_listas` (`SUBTIPO_VALOR_LISTA`, `VALOR_CADENA`) VALUES
('1 - 1', 'VERDE OSCURO'),
('1 - 2 ', 'VERDE CLARO'),
('1 - 3', 'ROJO'),
('1 - 4', 'MORADO'),
('1 - 5', 'BLANCO'),
('1 - 6', 'AZUL'),
('1 - 7', 'AMARILLO'),
('1 - 8', 'NEGRO'),
('1 - 9', 'GRIS'),
('2 - 1', 'BAJO'),
('2 - 2', 'MEDIO'),
('2 - 3', 'ALTO');

INSERT INTO `tbl_enteros_flotantes` (`SUBTIPO`, `VALOR_MINIMO`, `VALOR_MAXIMO`) VALUES
(1, 12, 15),
(2, 120, 150),
(3, 200, 250),
(4, 250, 300),
(5, 300, 350),
(6, 350, 400),
(7, 400, 450),
(8, 450, 500);

INSERT INTO `tbl_master` (`ID_DATO_INSERTADO`, `ID_SITIO`, `ID_EMPLEADO`, `ID_FORMATO`, `ID_EQUIPO`, `ID_COMPONENTE_FINAL`, `FECHA_AUTOMATICA`, `SUBTIPO_VALOR_BOOLEANO`, `SUBTIPO_VALOR_LISTA`) VALUES
(2, 1, 1, 1, 1, 1, '2019-10-15 13:15:02', '1 - 1', NULL),
(3, 1, 2, 2, 1, 2, '2019-10-15 13:15:02', '1 - 2', NULL),
(4, 2, 3, 3, 1, 3, '2019-10-15 13:16:43', '2 - 1', NULL),
(5, 2, 4, 5, 2, 1, '2019-10-15 13:16:43', '2 - 2', NULL),
(6, 3, 5, 4, 2, 2, '2019-10-15 13:18:40', NULL, '1 - 1'),
(7, 5, 1, 6, 2, 3, '2019-10-15 13:18:40', NULL, '1 - 2 '),
(8, 6, 3, 2, 1, 1, '2019-10-15 13:20:23', NULL, '1 - 3'),
(9, 8, 2, 2, 1, 2, '2019-10-15 13:20:23', NULL, '1 - 4');

INSERT INTO `tbl_master_datos_numericos` (`ID_DATO_INSERTADO`, `ID_SITIO`, `ID_EMPLEADO`, `ID_FORMATO`, `ID_EQUIPO`, `ID_COMPONENTE`, `FECHA_AUTOMATICA`, `DATO_OBTENIDO`, `SUBTIPO`) VALUES
(1, 1, 1, 1, 1, 1, '2019-10-15 13:22:36', 34, 1),
(2, 2, 2, 2, 1, 2, '2019-10-15 13:22:36', 12, 2),
(3, 3, 3, 3, 2, 1, '2019-10-15 13:23:45', 20, 3),
(4, 4, 4, 4, 2, 2, '2019-10-15 13:23:45', 25, 4),
(5, 5, 5, 5, 1, 3, '2019-10-15 13:25:24', 30, 5),
(6, 9, 1, 1, 2, 3, '2019-10-15 13:25:24', 34, 6),
(7, 4, 3, 14, 1, 1, '2019-10-15 13:26:32', 41, 8),
(8, 7, 5, 3, 2, 1, '2019-10-15 13:26:32', 47, 7);